kwic_id,doc_id,doc_token_id,doc_file_name,token_count,hit_size,S1,S2,S3,L10,L9,L8,L7,L6,L5,L4,L3,L2,L1,R0,R1,R2,R3,R4,R5,R6,R7,R8,R9
31,0,20113,A_dialogue_between_Philiater_a.txt,37368,1,8,4,2,Batchelor; ,to ,"morrow
","he
",inglish ,Books ,"Onli


123
",he ,is ,only ,Physician ,in ,Ordinary ,"to
",His ,"Majesty, ",and ,not ,a ,word 
41,0,27194,A_dialogue_between_Philiater_a.txt,37368,1,8,4,2,without ,much ,"Fee,
",a ,cunning ,"Sophister, ",in ,"distinguish¬
",as ,you ,Physician ,in ,Ordinary ,"to
",ing ,so ,soon ,as ,yoù ,"do, "
3,0,4270,A_dialogue_between_Philiater_a.txt,37368,1,8,4,2,dull ,"road, ",to ,"write
",would ,be ,the ,better ,"incouraged
",himself ,Physician ,in ,Ordinary ,to ,"his
",in ,their ,studies ,and ,"endeavours.
"
30,0,20024,A_dialogue_between_Philiater_a.txt,37368,1,8,4,2,Tract ,in ,Great ,"Letters, ",and ,"who
",one ,while ,writes ,himselt ,"Physician
",in ,Ordinary ,to ,his ,"Majesty, ",and ,"in
",the ,time 
57,5,16394,GALE_CB0127272860.txt,58435,1,8,2,1,The ,main ,End ,of ,the ,Care ,and ,Vigilance ,of ,the ,"Physician, ",in ,this ,Diseas~,"e, ",is ,right- ,ly ,to ,moderate 
56,5,15785,GALE_CB0127272860.txt,58435,1,8,2,1,"materiatl """"",d ,D' ,"Caution, ",concerning ,the ,Condud ,"of
",of ,the ,"Physician, ",in ,this ,to ,nice ,a ,"Cafe, ",and ,in ,which 
60,5,22567,GALE_CB0127272860.txt,58435,1,8,1,1,the ,Supply ,to ,the ,Puflules. ,The ,main ,Care ,of ,the ,"Physician, ",in ,Cafe ,of ,a ,Loos~,"eness, ",ought ,to ,be 
38,0,23042,A_dialogue_between_Philiater_a.txt,37368,1,8,1,1,through- ,pac',"d
",because ,all ,the ,Physicians ,uho ,"have
",admirable ,"Physician, ",in ,the ,"Book
",been ,before ,"me, ",have ,writ ,"nolbing
"
64,5,31503,GALE_CB0127272860.txt,58435,1,7,6,3,and ',tis ,certain ,that ,the ,firff ,and ,greatest ,Care ,every ,Physician ,ought ,to ,be ,ta ,his ,Op~,erations ,be ,safe 
82,7,4191,ProQuestDocuments-2025-06-19.txt,41511,1,7,6,3,per ,Corpus. ,Every ,Divine ,is ,a ,Spiritual ,"Physician, ",and ,every ,Physician ,ought ,to ,be ,a ,Spiritual ,"Divine, ",tho' ,not ,by 
88,7,4602,ProQuestDocuments-2025-06-19.txt,41511,1,7,6,3,"prest, ",and ,all ,too ,little ,to ,make ,Servants ,diligent: ,The ,Physician ,ought ,to ,be ,faithful ,and ,cautious ,in ,Practice; ,for 
109,7,19,ProQuestDocuments-2025-06-19.txt,41511,1,7,6,2,and ,diseased ,Containing ,I. ,Advice ,concerning ,"physick, ",and ,what ,a ,physician ,ought ,to ,be; ,with ,an ,account ,of ,the ,author'
114,7,41206,ProQuestDocuments-2025-06-19.txt,41511,1,7,6,2,and ,diseased ,Containing ,I. ,Advice ,concerning ,"physick, ",and ,what ,a ,physician ,ought ,to ,be; ,with ,an ,account ,of ,the ,author'
62,5,27870,GALE_CB0127272860.txt,58435,1,7,6,1,Orgaris ,are ,thus ~,"freed, '",twill 120 ,very ,hiappy. ,"Foi, ",th$ ,ncl ,Physician ,ought ,to ,trifle ,and ,bl~,e ,"Tiuie, ",or ,to 
99,7,6249,ProQuestDocuments-2025-06-19.txt,41511,1,7,1,1,relating ,to ,Humane ,Bodies; ,as 〈◊〉 ,"Preservation, ","Agitation, ",and ,"Affections.

",The ,Physician ,ought ,first ,to ,consider ,the ,Maete•• ,Medica. ,"Secondly, ",the 
81,7,4188,ProQuestDocuments-2025-06-19.txt,41511,1,6,1,1,the ,"Physician, ",Animam ,per ,Corpus. ,Every ,Divine ,is ,a ,Spiritual ,"Physician, ",and ,every ,Physician ,ought ,to ,be ,a ,Spiritual ,"Divine, "
8,0,8997,A_dialogue_between_Philiater_a.txt,37368,1,6,1,1,"self, ",because ,they ,suffered ,under ,"the
",hands ,of ,an ,IU ,"Physician, ",and ,"had
",not ,the ,wit ,to ,distinguish ,"between
",a 
78,7,3921,ProQuestDocuments-2025-06-19.txt,41511,1,6,1,1,furnish',d ,him ,with ,the ,main ,Materials ,fit ,for ,a ,Physician ,and ,Surgeon; ,but ,as ,to ,the ,practick ,"part, ",by 
10,0,10700,A_dialogue_between_Philiater_a.txt,37368,1,6,1,1,but ,indeed ,"a
",Physick ,might ,well ,suspect ,they ,"had
",Combined ,"Physician, ",and ,vou ,"might
",never ,read ,Hippocrates ,or ,"Galen.
",have 
39,0,23420,A_dialogue_between_Philiater_a.txt,37368,1,6,1,1,of ,"any
",advise ,you ,to ,write ,your ,next ,"Pro¬
",Real ,"Physician, ",and ,who ,scorns ,"to
",ject ,against ,Physicians ,in ,"Latin,
"
72,7,2343,ProQuestDocuments-2025-06-19.txt,41511,1,6,1,1,places ,God ,hath ,stiled ,Himself ,Iehovah ,"Rophe, ",the ,Lord ,the ,"Physician, ",and ,"worthily, ",for ,from ,Him ,comes ,the ,Gift ,of 
50,3,3076,b30773234_0002.txt,7164,1,4,2,1,"doubt, ",but ,a ,"Lambeth
",Doctor ,may ,be ,as ,good ,a ,"Physician, ",as ,one ,"bred
",behind ,a ,"Counter.
",SCAR. ,"Come, ","come, "
49,3,3031,b30773234_0002.txt,7164,1,4,2,1,doubt ,but ,an ,Oxford ,Facobite ,may ,be ,as ,"good
& ",a ,"Physician, ",as ,one ,bred ,in ,a ,"Conventicle.
",HARL. ,Far ,be 
85,7,4454,ProQuestDocuments-2025-06-19.txt,41511,1,4,1,1,the ,Cure ,is ,perform',"d, ",the ,Patient ,looks ,upon ,his ,Physician ,as ,a ,God. ,But ,"lastly, ",when ,the ,Physician ,demands 
36,0,21334,A_dialogue_between_Philiater_a.txt,37368,1,4,1,1,"ho¬
",Pain ,and ,Gripes ,you ,have ,endur ,"d
",nest ,judicious ,"Physician, ",as ,to ,"become
",about ,"it, ",ever ,since ,the ,"Publication
"
26,0,17871,A_dialogue_between_Philiater_a.txt,37368,1,4,1,1,not ,only ,a ,"Prime
",some ,Friends ,by ,to ,throw ,"water
","Physician, ",but ,a ,most ,"Dextrous
","Surgeon, ",he ,is ,not ,only 
71,7,2293,ProQuestDocuments-2025-06-19.txt,41511,1,4,1,1,the ,Rich ,for ,great ,"Sums, ",since ,it ,is ,not ,the ,"Physician, ",but ,GOD ,that ,cures; ,for ,in ,Exod. 15.26. ,God ,"saith, "
13,0,13093,A_dialogue_between_Philiater_a.txt,37368,1,4,1,1,the ,"Physicians, ",both ,far ,and ,"near,
",to ,render ,you ,a ,"Physician, ",but ,"the
",that ,ever ,Iheard ,"of, ",Inever ,suspect ,"ed
"
43,0,27688,A_dialogue_between_Philiater_a.txt,37368,1,4,1,1,"call
",Now ,open ,The ,second ,Part ,of ,"the
",a ,Good ,"Physician, ",but ,we ,will ,"very
","Conclave, ",that ,we ,may ,see 
87,7,4542,ProQuestDocuments-2025-06-19.txt,41511,1,4,1,1,good ,Physicians; ,and ,yet ,it ,is ,not ,"sufficient, ",tho' ,the ,Physician ,or ,Surgeon ,do ,their ,Parts ,or ,"Office, ",unless ,the 
103,7,11580,ProQuestDocuments-2025-06-19.txt,41511,1,4,1,1,is ,no ,ways ,Essential ,to ,the ,making ,up ,of ,a ,Physician ,or ,Surgeon. ,There ,are ,"others, ","who, ",altho' ,they ,have 
105,7,11968,ProQuestDocuments-2025-06-19.txt,41511,1,4,1,1,is ,not ,sufficient ,to ,make ,a ,Horse ,"Doctor, ",much ,less ,Physician ,or ,Surgeon: ,"No, ",these ,Arts ,are ,not ,to ,b• 
16,0,13366,A_dialogue_between_Philiater_a.txt,37368,1,4,1,1,"of
",sick ,Child ,or ,Infant ,must ,be ,"gaudily
",a ,good ,"Physician, ",or ,whose ,"Education
",painted ,like & ,George ,a ,Horse-,"back,
"
110,7,248,ProQuestDocuments-2025-06-19.txt,41511,1,4,4,4,diseased+,Containing+,I.+,Advice+,concerning+,physick%2,C+,and+,what+,a+,physician+,ought+,to+,be%3,B+,with+,an+,account+,of+,the+
111,7,457,ProQuestDocuments-2025-06-19.txt,41511,1,4,4,4,diseased+,Containing+,I.+,Advice+,concerning+,physick%2,C+,and+,what+,a+,physician+,ought+,to+,be%3,B+,with+,an+,account+,of+,the+
112,7,693,ProQuestDocuments-2025-06-19.txt,41511,1,4,4,4,diseased+,Containing+,I.+,Advice+,concerning+,physick%2,C+,and+,what+,a+,physician+,ought+,to+,be%3,B+,with+,an+,account+,of+,the+
113,7,902,ProQuestDocuments-2025-06-19.txt,41511,1,4,4,4,diseased+,Containing+,I.+,Advice+,concerning+,physick%2,C+,and+,what+,a+,physician+,ought+,to+,be%3,B+,with+,an+,account+,of+,the+
58,5,17683,GALE_CB0127272860.txt,58435,1,4,2,1,and ,Nature ,give ,realy ,no ~,Counte- ,nance ,to ,either. ,The ,"Physician, ",who ,is ,fleer',d ,by ,"them, ",will ,make ,it 
55,5,13965,GALE_CB0127272860.txt,58435,1,4,2,1,"Wan, ",who ,is ,guided ,by~ ,"this, ",pass ,Judgement ,on ,the ,Physician ,who ,is ,Operating ,"upon, ","Altering, ",or ,R~,e- ,mnoving 
115,8,1466,The Art of Political Lying.txt,1912,1,4,1,1,discourse ,"is 
","changed, ",or ,the ,company ,parted: ,"or, ",like ,a ,"physician 
",who ,has ,found ,out ,an ,infallible ,"medicine, ",after ,the 
108,9,475,The_life_and_adventures_of_Don_Bilioso_de_L'Estomac__Translated_from_the_Original_Spanish_into_French;_done_from_the_French_into_English__With_a_lette.txt,2796,1,4,1,1,that ,I ,immediately ,concluded ,Dr. ,W. ,must ,"be
",that ,young ,"Physician, ",who ,inquiring ,of ,Dr. ,"Syden¬
",ham ,what ,was ,the 
107,9,461,The_life_and_adventures_of_Don_Bilioso_de_L'Estomac__Translated_from_the_Original_Spanish_into_French;_done_from_the_French_into_English__With_a_lette.txt,2796,1,3,1,1,"whole, ",and ,a ,"manner
",of ,writing ,so ,different ,from ,any ,Physician ,I ,"ever
","read, ",that ,I ,immediately ,concluded ,Dr. ,W. 
54,5,13429,GALE_CB0127272860.txt,58435,1,3,1,1,its ,"upon, -",undter ,each ,various ,DiseasE ,and ,Symptom ; ,such ,a ,"Physician, ",I ,"fay, ",has ,vafflyr ,the ,Advantage ,of ,"One, ",who 
53,3,4369,b30773234_0002.txt,7164,1,3,1,1,more ,than ,for ,Dr. ,"Woodward;
",and ,that ,grave ,and ,serious ,Physician ,I ,"perceive
","was:
",Pager2. † ,Ibid. ,H ,"Page 13.


17
",was ,mightily 
33,0,20416,A_dialogue_between_Philiater_a.txt,37368,1,3,1,1,principium ,"duxit, ",sed ,ut ,ex ,"AEgypti¬
","yours, ",their ,making ,the ,"Physician
",is ,historiarum ,peritis ,"audivi, ",à ,"bar¬
",to ,bleed ,a 
91,7,4910,ProQuestDocuments-2025-06-19.txt,41511,1,3,1,1,than ,the ,"Stars.

",We ,read ,in ,Holy ,"Writ, ",That ,the ,Physician ,is ,honourable ; ,understand ,this ,of ,him ,that ,is ,expert; 
84,7,4367,ProQuestDocuments-2025-06-19.txt,41511,1,3,1,1,will ,reward ,them ,double-,fold. ,On ,the ,other ,"hand, ",a ,Physician ,is ,not ,bound ,to ,behave ,himself ,in ,this ,manner 
12,0,13031,A_dialogue_between_Philiater_a.txt,37368,1,3,2,1,of ,"Infant¬
",ing ,time ,of ,Age ,you ,took ,them ,"in;
",Physician ,upon ,the ,back ,of ,"our
",and ,"more, ",you ,were 
47,0,34506,A_dialogue_between_Philiater_a.txt,37368,1,3,2,1,a ,man ,of ,Might ,and ,"Under¬
",standing. ,There ,is ,no ,"Physician
",upon ,the ,"Earth, ",but ,I ,scorn ,"to
",truckle ,to 
25,0,17808,A_dialogue_between_Philiater_a.txt,37368,1,3,1,1,the ,Reputation ,of ,"a
",omnium ,virium ,lapsus: ,A ,"Swound
",Great ,Physician ,upon ,that ,"account,
",is ,a ,sudden ,failure ,of ,the 
40,0,25523,A_dialogue_between_Philiater_a.txt,37368,1,2,1,1,a ,"Kil¬
","my, ",I ,my ,self ,have ,divulged ,"more
",ling ,"Physician, ",are ,so ,highly ,"neces¬
",new ,Anatomical ,"Observations, &","c.
",sary 
75,7,3090,ProQuestDocuments-2025-06-19.txt,41511,1,2,1,1,"himself, ",as ,the ,Attempts ,of ,a ,Book-,learn',d ,unexperienced ,Physician ,are ,to ,those ,he ,first ,practises ,on. ,Yet ,we 
29,0,19694,A_dialogue_between_Philiater_a.txt,37368,1,2,1,1,the ,Effect. ,And ,by ,such ,gross ,"or
","World, ",the ,advising ,Physician ,for ,"a
",wilful ,mistakes ,in ,one ,Case ,a ,"man
"
76,7,3297,ProQuestDocuments-2025-06-19.txt,41511,1,2,1,1,and ,so ,kill •,e ,first: ,Fetch ,me ,an ,old ,experienced ,Physician; ,for ,I',ve ,no ,mind ,to ,give ,beginning ,to 
104,7,11950,ProQuestDocuments-2025-06-19.txt,41511,1,2,1,1,is ,also ,the ,fault ,of ,many ,"Apothecaries, ",who• ,some ,skilful ,Physician ,has ,long ,imploy',"d, ",but ,all ,th•• ,is ,not 
59,5,18501,GALE_CB0127272860.txt,58435,1,2,1,1,XII. ,"Wthen
",XIL. ,"When, ",in ,the ,Small-,"Pox, ",ofro- ,the ,Physician ,has ,the ,good ,"Fortune **""",oo ,to ,be ,consulted ,in 
100,7,7020,ProQuestDocuments-2025-06-19.txt,41511,1,2,1,1,"He, ",through ,the ,Means ,o• ,timely ,Applications ,of ,the ,skilful ,"Physician, (",his ,In•,trument ,for ,the ,Recovery ,of ,Health) ,"will, "
15,0,13294,A_dialogue_between_Philiater_a.txt,37368,1,2,1,1,"Insant¬
",ed ,and ,daub',"d, ",as ,his ,Body ,is ,"be¬
","Physician, ",his ,mind ,gaudily ,"painted
",deck',d ,with ,Ribbands ,and 
106,7,40939,ProQuestDocuments-2025-06-19.txt,41511,1,2,1,1,that ,at ,the ,End ,of ,our ,Bodily ,"Infirmities, ",the ,great ,Physician ,may ,administer ,a ,Cordial ,to ,us ,of ,his ,own 
95,7,5729,ProQuestDocuments-2025-06-19.txt,41511,1,2,1,1,By ,Astrology ,"also, 〈◊〉 ",the ,sight ,of ,the ,"Urin, ",the ,honest ,Physician ,may ,clearl• ,discern ,which ,way ,the ,Disease ,will ,tend. 
63,5,30267,GALE_CB0127272860.txt,58435,1,2,1,1,Closure ,of ,thle ,"Scene, ",in ,the ,Pra~,tife ,of ,a ,Physician ,of ,real ,"Merit, ",very ,"careful, ",and ,judge- :,ing ,generaly 
27,0,19341,A_dialogue_between_Philiater_a.txt,37368,1,2,1,1,of ,"sense,
",humours. ,But ,yet ,the ,Person ,"vou
",especially ,a ,Physician ,of ,the ,"Conclave,
",mean ,has ,proved ,no ,shatter-,"brain
"
69,5,44934,GALE_CB0127272860.txt,58435,1,2,1,1,"disappoint, ",than ,Tightly ,perfue ,the ,Evacuaition. ,E- ,"u? "" ","ery~
",very ,"Physician, ",that ,expeats ,Good ,from ,"it,. ",must ,carefully ,"attend, 0- ",verlook 
51,3,4057,b30773234_0002.txt,7164,1,2,1,1,given ,us ,such ,a ,Sample ,"of
",a ,grave ,and ,serious ,"Physician, ",that ,I ,ſhall ,"ne¬
",ver ,love ,a ,grave ,and 
35,0,20913,A_dialogue_between_Philiater_a.txt,37368,1,2,1,1,send ,"him
","gamus, &",c. ,The ,Annals ,of ,the ,"Col¬
",a ,Physician ,to ,his ,Person. ,And ,"the
","lege
","I 2
","Queen
",ProQuest 
102,7,11519,ProQuestDocuments-2025-06-19.txt,41511,1,2,1,1,Cure ,the ,Patients ,"Body, ",they ,are ,sure (,with ,Aesop ',s ,Physician) ,to ,leave ,their ,Purses ,in ,a ,"Consumption, ",and ,even 
24,0,17392,A_dialogue_between_Philiater_a.txt,37368,1,1,1,1,that ,because ,one ,"excellent
",though ,the ,difference ,is ,great ,"be¬
","Physician, ",a ,man ,of ,"sense, ",did ,"once
",tween ,their ,Travels 
52,3,4068,b30773234_0002.txt,7164,1,1,1,1,that ,I ,ſhall ,"ne¬
",ver ,love ,a ,grave ,and ,serious ,Physician ,"again,
",as ,long ,as ,I ,live; ,nor ,do ,I 
80,7,4179,ProQuestDocuments-2025-06-19.txt,41511,1,1,1,1,both ,for ,Curing; ,the ,Divine ,heals ,Corpus ,per ,Animam ; ,the ,"Physician, ",Animam ,per ,Corpus. ,Every ,Divine ,is ,a ,Spiritual ,"Physician, "
9,0,9497,A_dialogue_between_Philiater_a.txt,37368,1,1,1,1,and ,therefore ,fit ,enough ,to ,be ,"pre¬
","interprets, ",That ,a ,"Physician, ","at
",mised ,to ,the ,succeeding ,"Tract.
",some ,times ,he 
23,0,14590,A_dialogue_between_Philiater_a.txt,37368,1,1,1,1,"to
",the ,first ,long ,Chapter ,of ,my ,"Tradt.
",have ,no ,Physician ,at ,"all, ",than ,"such
",Phil. ,"What, ",destnere ,in ,"piscem,
"
61,5,26598,GALE_CB0127272860.txt,58435,1,1,1,1,Body. ,All ,which ,"may, ",by ,a ,discreet ,and ,vigi- ,lant ,"Physician, ",be ,done ,with ,great ,Gentlenes~,s: ,and ,by ,s~
48,3,1839,b30773234_0002.txt,7164,1,1,1,1,it ,a ,notable ,"Perform¬
","ance, ",and ,take ,him ,for ,a ,"Physician, ",because ,"a
",Doctor. ,So ,have ,I ,scen ,Puppies ,caress 
5,0,4540,A_dialogue_between_Philiater_a.txt,37368,1,1,1,1,the ,"bet¬
",ver ,so ,fairly ,"Oilded, ",or ,be ,"bis
",ter ,Physician. ,"Besides, ",the ,"fore¬
",Pretences ,never ,so ,"Honourable.
",said ,Custom 
90,7,4741,ProQuestDocuments-2025-06-19.txt,41511,1,1,1,1,hose ,that ,study ,Physick; ,for ,without ,it ,the ,pre•,ended ,Physician ,can ,never ,have ,the ,true ,Knowledge ,of ,the ,"Crisis, "
79,7,4162,ProQuestDocuments-2025-06-19.txt,41511,1,1,1,1,as ,much ,as ,Divines ,themselves; ,for ,truly ,the ,Divine ,and ,Physician ,conveniunt ,in ,uno ,tertio ; ,they ,are ,both ,for ,Curing; 
86,7,4462,ProQuestDocuments-2025-06-19.txt,41511,1,1,1,1,upon ,his ,Physician ,as ,a ,God. ,But ,"lastly, ",when ,the ,Physician ,demands ,his ,"Reward, ",then ,his ,Patient ,takes ,him ,for 
19,0,14082,A_dialogue_between_Philiater_a.txt,37368,1,1,1,1,of ,"a
",tet. ,Tou ,live ,near ,very ,ill ,"Neigh¬
",good ,"Physician, ",either ,they ,"who
",bours. ,The ,good ,Education ,of ,"our
"
96,7,5818,ProQuestDocuments-2025-06-19.txt,41511,1,1,1,1,may ,speak ,all ,in ,a ,"word, ",requir',d ,in ,a ,Physician ,exquisite ,"Knowledge, ",long ,"Practice, ",great ,"Virtue, ",and ,good ,Success. 
34,0,20825,A_dialogue_between_Philiater_a.txt,37368,1,1,1,1,to ,beg ,the ,"Favour
","peritissimum, ",morum ,honestate ,"proba¬
",of ,a ,Physician ,from ,hence. ,"In
","tissimum, ",ad ,te ,mittimus; ,non ,"quia
"
77,7,3758,ProQuestDocuments-2025-06-19.txt,41511,1,1,1,1,appears ,from ,"Scripture, ",seeing ,God ,is ,therein ,"stiled, ",the ,Only ,Physician. ,God ,was ,the ,first ,"Operator, ",as ,you ,will ,confess 
11,0,11884,A_dialogue_between_Philiater_a.txt,37368,1,1,1,1,will ,never ,make ,"this
",as ,good ,a ,judgment ,on ,a ,"Physician
",great ,man ,the ,less ,an ,"Anatomist,
",as ,perhaps ,any 
37,0,22874,A_dialogue_between_Philiater_a.txt,37368,1,1,1,1,advice ,may ,in ,most ,Cases ,cure ,"himself,
",would ,that ,great ,Physician ,"have
",with ,far ,greater ,"safety, ","speed, ","and
","said, ",think 
14,0,13137,A_dialogue_between_Philiater_a.txt,37368,1,1,1,1,of ,"In¬
",did) ,was ,employed ,first ,in ,"taking
","had
",fant-,Physician. ,Indeed ,"I
",your ,"money, ",and ,then ,"conferring
",thought ,of 
89,7,4675,ProQuestDocuments-2025-06-19.txt,41511,1,1,1,1,ruine. ,Past ,"Experiments, ",if ,not ,well ,"understood, ",may ,lead ,the ,Physician ,into ,Errour; ,"besides, ",Judgment ,is ,very ,"difficult, ",through ,the 
66,5,35115,GALE_CB0127272860.txt,58435,1,1,1,1,vious: ,Notes ,h-,ave ,happyly ,that ,Es- ,fedt ,on ,our ,"Physician, ",it ,cannot ,fail ,to^ ,turn ,greatly ,to ,hlis ,Good 
7,0,6879,A_dialogue_between_Philiater_a.txt,37368,1,1,1,1,"de¬
",and ,Admirable ,"men.
",bauch ,of ,the ,Mind ,for ,a ,"Physician
",Mom. ,Pish! ,That ,Treatise ,"was
",of ,your ,Education ,to 
21,0,14513,A_dialogue_between_Philiater_a.txt,37368,1,1,1,1,the ,matter ,is ,not ,much; ,"tbe
",Care ,of ,a ,good ,Physician. ,"Momus,
",greater ,part ,of ,humanity (,I ,"should
",the ,matter 
70,5,45517,GALE_CB0127272860.txt,58435,1,1,1,1,should ,the ,most ,i.. ,"itudioufly
",fludioufly: ,"avoid. """,But ,an ,honeit ,Physician ,mufit ,involehmlfi ,liis ,own ,In~,tegrity: ,"and, ",when~ ,he 
18,0,13894,A_dialogue_between_Philiater_a.txt,37368,1,1,1,1,than ,their ,Massers. ,And ,"again, ","the
",Title ,of ,a ,good ,Physician. ,"No, ","not
",very ,derivation ,from ,"seven, ","seventeen
",six ,allowed 
101,7,7249,ProQuestDocuments-2025-06-19.txt,41511,1,1,1,1,to ,give ,a ,large ,Fee ,to ,a ,worthy ,and ,able ,"Physician, ",nor ,to ,answer ,the ,Charge ,of ,an ,Apothecary',s 
65,5,34691,GALE_CB0127272860.txt,58435,1,1,1,1,eafyrly ,be ,"imagined, ",Nay ,and ,perhaps ,both ,the ,"Patient, ",and ,"Physician, ",not ,conscious ,how ,the~,se ',Things ,are ,Brought ,"about, "
42,0,27452,A_dialogue_between_Philiater_a.txt,37368,1,1,1,1,and ,that ,which ,occalioned ,you ,"to
",themselves ,to ,a ,worthy ,Physician ,"of
",call ,him ,by ,ridiculous ,"Names, ","and
",the ,"College, "
93,7,5260,ProQuestDocuments-2025-06-19.txt,41511,1,1,1,1,Men ,not ,to ,trust ,themselves ,in ,the ,Hands ,of ,that ,"Physician, (",o• ,rather ,ignorant ,Pretender) ,who ,is ,not ,skill',d 
46,0,33324,A_dialogue_between_Philiater_a.txt,37368,1,1,1,1,by ,"eve¬
",Harvey ,to ,be ,degraded ,below ,"the
",ry ,Conclave ,Physician. ,"p. 108, 109.
",invention ,of ,Common ,"Seamen?
",Phil. ,"No, ",I ,shall 
22,0,14556,A_dialogue_between_Philiater_a.txt,37368,1,1,1,1,a ,"good
",demn',d ,to ,want ,your ,care ,and ,"assi¬
",Physician. ,p. 22. ,And ,so ,in ,"great
",stance; ,for ,it ,may 
44,0,30475,A_dialogue_between_Philiater_a.txt,37368,1,1,1,1,so ,much ,"Knavery, ","and
","Ignorance, ",as ,to ,become ,a ,"Conclave¬
",Physician. ,p. 51. ,This ,toucheth ,"not
",my ,Copy-,"hold, ",never ,intending 
92,7,4950,ProQuestDocuments-2025-06-19.txt,41511,1,1,1,1,know ,"Nature, ",and ,her ,secret ,Operations. ,It ,is ,not ,the ,Physician',s ,feeling ,the ,Pulse ,of ,the ,"Party, ",or ,questioning 
2,0,3575,A_dialogue_between_Philiater_a.txt,37368,1,1,1,1,an ,Empirick ,and ,a ,"true
",clavists ,themselves. ,Read ,the ,"De¬
","Physician.
",scription ,of ,my ,Education ,in ,"my
",Mom. ,For ,my 
94,7,5308,ProQuestDocuments-2025-06-19.txt,41511,1,1,1,1,cure ,one ,that ,is ,Cholerick; ,and ,then ,the ,pret•,nded ,Physician ,seeing ,his ,Medicine ,doth ,no• ,work ,the ,like ,Operation 
67,5,36027,GALE_CB0127272860.txt,58435,1,1,1,1,T ,i',erborn ,f~ ,N ,age~ ,of ,that ,truely ,great ,"Physician, ",slla ,"Dr, ",Mor~,ton; - ,efides- ,his ,Ridicule- ,Iadfra. ,ing 
98,7,6148,ProQuestDocuments-2025-06-19.txt,41511,1,1,1,1,Commands 〈◊〉 ,the ,"Physician, ",tho' ,he ,know ,not ,the ,Reason ,why 〈◊〉 ,Physician ,so ,"commands.

",The ,Art ,of ,Surgery ,is ,very ,"ancient, "
28,0,19396,A_dialogue_between_Philiater_a.txt,37368,1,1,1,1,unsteady ,Rambler; ,he ,"has
",have ,of ,"it, ",is ,thus: ,This ,"Physician,
",taken ,his ,Doctors ,Degree ,where ,"vou
",and ,another ,of 
68,5,37278,GALE_CB0127272860.txt,58435,1,1,1,1,is ,said ,to ,drive ,out ,ano- ,ther. ,Or ,as ,the ,"Physician, ",tha ,doubtless ,lead ,and ,ruled ,in ,this ,"Consultation, ",in 
74,7,2958,ProQuestDocuments-2025-06-19.txt,41511,1,1,1,1,a ,greater ,insight ,is ,required ,to ,the ,making ,of ,a ,Physician▪ ,than ,what ,the ,best ,Books ,in ,the ,World ,can 
20,0,14108,A_dialogue_between_Philiater_a.txt,37368,1,1,1,1,is ,better ,proved ,by ,"their
",Legal ,Test ,of ,a ,good ,"Physician, ","the
",Modesty ,and ,"Ingenuity, ",than ,"by
",Colleges ,"Examination, ",and 
97,7,6140,ProQuestDocuments-2025-06-19.txt,41511,1,1,1,1,a ••,"rgeon, ",whose ,Province ,is ,to ,execute ,the ,Commands 〈◊〉 ,the ,"Physician, ",tho' ,he ,know ,not ,the ,Reason ,why 〈◊〉 ,Physician ,so 
4,0,4426,A_dialogue_between_Philiater_a.txt,37368,1,1,1,1,"know,
",probably ,in ,their ,Travels ,"stum¬
",that ,in ,France ,no ,Physician ,"though
",ble ,upon ,the ,Degrees ,of ,"Batche¬
",never ,so 
45,0,31334,A_dialogue_between_Philiater_a.txt,37368,1,1,1,1,hundred ,"Gui¬
","nies, ",more ,than ,once ,prelented ,"to
",a ,Conclave ,"Physician, ",vhen ,an ,"Apo¬
",thecary ,is ,well ,contented ,to ,"get
"
83,7,4238,ProQuestDocuments-2025-06-19.txt,41511,1,1,1,1,Blood ,of ,his ,only ,begotten ,Son. ,St. ,"Luke, ",the ,beloved ,"Physician, ",was ,a ,Divine ,"Evangelist, ",and ,commends ,the ,Study ,of 
1,0,2596,A_dialogue_between_Philiater_a.txt,37368,1,1,1,1,"not
",University. ,"Besides, ",where-,"ever
",t ,called ,upon ,as ,a ,"Physician, ","what
",you ,took ,your ,Degrees ,in ,the ,"ma¬
",tyou 
32,0,20382,A_dialogue_between_Philiater_a.txt,37368,1,1,1,1,"indignities
9",i ,Book ,de ,Meth. ,Med. ,Hic ,"cor¬
",upon ,their ,"Physician, ",when ,he ,"does
",ruptus ,medendi ,modui ,non ,à ,"prisco¬
"
73,7,2643,ProQuestDocuments-2025-06-19.txt,41511,1,1,1,1,Virgin ,"Mary.

","Since, ",as ,is ,"said, ",God ,is ,the ,great ,"Physician, ",whensoever ,we ,are ,"Sick, ",or ,any ,ways ,"Infirm, ",let 
17,0,13514,A_dialogue_between_Philiater_a.txt,37368,1,1,1,1,for ,"tbe
",tried ,by ,the ,reason ,of ,your ,"Mobile
",Infant-,Physician ,will ,have ,it ,"so.
(",to ,"whom, ",and ,for ,whose 
6,0,6418,A_dialogue_between_Philiater_a.txt,37368,1,1,1,1,gantly ,to ,proclaim ,their ,"Method.
",to ,arrive ,to ,be ,a ,Physician ,"withont
",of ,Curing ,sor ,Patterns ,to ,all ,"the
",the 
