kwic_id,doc_id,doc_token_id,doc_file_name,token_count,hit_size,S1,S2,S3,L10,L9,L8,L7,L6,L5,L4,L3,L2,L1,R0,R1,R2,R3,R4,R5,R6,R7,R8,R9
100,5,26222,GALE_CB0127272860.txt,58435,1,25,4,1,"One, ",who ,is ,rightly ,apprized ,of ,the ,Mechaniflu ,of ,the ,"Body, ",and ,the ,Circumffan- ,ces ,that ',tis ,put ,under ,"here, "
78,5,13387,GALE_CB0127272860.txt,58435,1,25,4,1,"dicine, ",who ,is ,duely ,apprised ,of ,the ,Mechanifin ,of ,the ,"Body, ",and ,the ,Laws ,o~,f ,Adtion ,"there, ",while ,the 
87,5,17960,GALE_CB0127272860.txt,58435,1,25,4,1,fra. ,Order ,of ,Medicines ,the ,most ,for- ,reign ,to ,the ,Body : ,and ,the ,most ,contrary ,to ,"Nature, ",of ,any ,in 
159,7,2989,ProQuestDocuments-2025-06-19.txt,41511,1,25,4,1,gain ,an ,acquaintance ,with ,the ,K•,owledge ,of ,Man',s ,"Body, ",and ,the ,Use ,of ,Instruments ,belonging ,to ,the ,Art; '
257,7,15351,ProQuestDocuments-2025-06-19.txt,41511,1,25,2,1,Disease ,are ,so ,"Mad, ",that ,they ,furiously ,fall ,upon ,an• ,"body, ",and ,it ,is ,strange ,and ,admirable ,they ,do ,no• 
217,0,26649,A_dialogue_between_Philiater_a.txt,37368,1,25,2,1,you ,admitted ,the ,Devil ,to ,take ,"pos¬
",session ,of ,your ,"body, ",and ,it ,"pro¬
",ved ,a ,more ,"gentle, ","harmless, ","and
"
191,7,24711,ProQuestDocuments-2025-06-19.txt,41511,1,25,2,1,"Immaterial, ",seperable ,from ,the ,"Body, ",and ,so ,Man ,consisting ,of ,Body ,and ,"Soul, ",became ,a ,perfect ,"Creature, ",being ,endu',d 
178,7,13941,ProQuestDocuments-2025-06-19.txt,41511,1,25,2,1,proceed ,from ,some ,"faculty, ",and ,that ,Man ,being ,composed ,of ,Body ,and ,"Soul, ",has ,two ,sorts ,of ,"Faculties, ",viz. ,Corporeal 
45,3,4834,b30773234_0002.txt,7164,1,25,1,1,The ,Aliments ,certainly ,"sup¬
",ply ,all ,the ,Juices ,of ,the ,Body; ,and ,after ,"this
","manner, ",every ,Succus ,is ,contained ,in 
194,7,28645,ProQuestDocuments-2025-06-19.txt,41511,1,25,1,1,"Word, ",whereby ,I ,may ,prove ,a ,lively ,Member ,of ,thy ,"Body, ",and ,be ,incorporated ,into ,that ,Society ,which ,doth ,in 
63,5,7260,GALE_CB0127272860.txt,58435,1,25,1,1,thrown ,inito ,"it, ",over ,heat ,the ,B~,"lood, ",and ,thle ,Body : ,and ,bring ,on ,F',e- ,vers. ,Thley ,excite ,an 
91,5,20325,GALE_CB0127272860.txt,58435,1,25,1,1,into ,Emno- ,"tion, ",and ,cast ,into ,the ,"Blood, ",heats ,the ,"Body, ",and ,brings ,on ,a ,Fever 9. ,I ,do ,not~ ,transcribe 
99,5,26179,GALE_CB0127272860.txt,58435,1,25,1,1,"Phlegm, ",so ,as ,to ,quite ,stifle ,the ,Powers ,of ,the ,"Body, ",and ,confound ,the ,O~,cono- ,my.· ,This ,is· ,not 
157,7,1580,ProQuestDocuments-2025-06-19.txt,41511,1,25,1,1,most ,honourable ,Practitioner: ,That ,it ,is ,profitable ,to ,the ,Natural ,"Body, ",and ,consequently ,to ,the ,Body ,"Politick, ",since ,the ,latter 
244,6,25638,"Law is a bottomless pit or, The history of John Bull. Published from a manuscript found in the cabinet of the famous Sir H. Polesworth, in the year 1712. 1794.txt",47647,1,25,1,1,call ,them ,all ,"by 


",their ,"names, ",for ,he ,knew ,every ,"body, 
",and ,could ,talk ,to ,them ,in ,their ,"own 
",way. 
95,5,22624,GALE_CB0127272860.txt,58435,1,25,1,1,and ,as ,soon ,as -,may· ,well ,"be, ",out ,of ,the ,Body : ,and ,finaly ,to ,appease ,the ,Turtiults ,i',n ,the '
102,5,26425,GALE_CB0127272860.txt,58435,1,25,1,1,Cam~,"phore, ",and ,"Vitriol, ",are ,unnatu- ,"ral, ",firange ,to ,the ,Body: ,and ,in- ,"deed, ",as ,far ,as ,they ,can ,be 
165,7,7876,ProQuestDocuments-2025-06-19.txt,41511,1,25,1,1,the ,"Blood, ",which ,being ,"corrupt, ",defileth ,the ,whole ,Habit ,of ,"Body, ",and ,is ,the ,Cause ,of ,"Eruptions, ",or ,all ,sorts 
134,5,49021,GALE_CB0127272860.txt,58435,1,25,1,1,morbid ,Principles ,It~,hat ,had ,layn ,long ,hirkeing ,in' ,tht ,"Body, ",and ,muchi ,injured ,"it, ",be ,not ,again ,"pacifyed, ","flfed , "
156,5,58171,GALE_CB0127272860.txt,58435,1,25,1,1,pr~,"adical, ","and ,-",ceSfsfll. ,"Ibid, ",Of~ ,is ,aicable ,to ,the ,Body : ,and ,no ,ways ,hurltfutll. ,p.268. ,Occaflonaly ,of ,the ~,Use 
103,5,26460,GALE_CB0127272860.txt,58435,1,25,1,1,ous ,M~,edicines ,are ,realy ,"Antidotes, ","beneticent , ",amicaible ,to ,thle ,"Body, ",and ,of ,thle ,Nature ,of ,Niourithment. ,TFhey ,difarmr ,the 
181,7,15193,ProQuestDocuments-2025-06-19.txt,41511,1,25,1,1,which ,contract ,such ,"heat, ",partly ,by ,d•,stempers ,of ,the ,Body ,and ,partly ,by ,Putrefacti•• ,which ,produceth ,an ,humour ,breeding 
190,7,24705,ProQuestDocuments-2025-06-19.txt,41511,1,25,1,1,inspir',d; ,his ,Soul ,is ,"Immortal, ","Immaterial, ",seperable ,from ,the ,"Body, ",and ,so ,Man ,consisting ,of ,Body ,and ,"Soul, ",became 
169,7,9077,ProQuestDocuments-2025-06-19.txt,41511,1,25,1,1,take ,a ,dose ,of ,Pills ,to ,prepare ,and ,cleanse ,the ,"Body, ",and ,then ,the ,Tincture ,will ,effectually ,purifie ,the ,Mass 
173,7,13603,ProQuestDocuments-2025-06-19.txt,41511,1,25,1,1,which ,through ,too ,great ,Plenty ,or ,immoderate ,"Heat, ",overchargeth ,the ,"Body, ",and ,yieldeth ,up ,to ,the ,Brain ,certain ,"Vapours, ",whereby 
127,5,43194,GALE_CB0127272860.txt,58435,1,15,2,1,be ,"determined, ",and ,afcer- ,tained. ,Then ,the ,Struature ,of ,the ,Body ,of ,"Man, ",and ,its ,State ,in ,"Health, ",thould ,be 
51,5,438,GALE_CB0127272860.txt,58435,1,15,2,1,Kn~,owl~,ed~,e ,of ,exteriour ,"NatureI', ",and ,of- ,the ,Body ,of ,"Man, ",is ,requi/,ite. ,"Burt, ",wzith ,all ,"this, "
216,0,24297,A_dialogue_between_Philiater_a.txt,37368,1,15,2,1,"com¬
",Character ,of ,our ,"Pharmacopaea, ","as
",piled ,by ,the ,wbole ,body ,of ,this ,"Apolline¬
",of ,a ,most ,Elaborate ,"Work, ",and 
211,0,4012,A_dialogue_between_Philiater_a.txt,37368,1,15,2,1,would ,"be
",such ,Medicines ,unto ,the ,"diseale
",unto ,the ,whole ,body ,of ,this ,"King-
",as ,be ,very ,"noious, ",and ,"nothing
"
202,10,1540,ALETTE~1.TXT,10756,1,15,1,1,Grain ,"of 
","Vanity), ",which ,if ,he ,once ,Attempts ,"in 
",the ,Body ,of ,a ,"Performance, ",his ,"Character 
",is ,loſt ,to ,all 
193,7,28586,ProQuestDocuments-2025-06-19.txt,41511,1,15,1,1,out ,of ,all ,"Mankind, ",to ,the ,building ,up ,of ,the ,Body ,of ,"Christ.

",I ,humbly ,beseech ,"Thee, ",most ,gracious ,"God, "
82,5,15892,GALE_CB0127272860.txt,58435,1,15,1,1,who ,are ,rightly ,inform',d ,of ,the ,Contrivance ,of ,the ,Body ,of ,Man : ,and ,know ,that ,the ,"Stomach, ",which ,is 
75,5,11560,GALE_CB0127272860.txt,58435,1,15,1,1,NeVe>~,VS. ,Of ,the ,"Animation, ",and ,the ,MechP- ,symi ,ofthe- ,Body ,of ,"Man.
",Of ,Diseases. ,AfeRions ,of ,the ,Stomach. ,px3 
84,5,16890,GALE_CB0127272860.txt,58435,1,15,1,1,are ,rightly ,apprized ,of ,the ,Delicacyo ,the ,Fabrick ,of ,the ,Body ,of ,Mn ,and ,the ,Fineness ,of ,the ,Mechanifma ,of 
200,7,40751,ProQuestDocuments-2025-06-19.txt,41511,1,15,1,1,Micha•,l ,the ,Arch-,Angel ,was ,set ,to ,keep ,the ,Body ,of ,"Moses, ",which ,being ,secretly ,hidd•,n ,by ,"God, "
237,6,15441,"Law is a bottomless pit or, The history of John Bull. Published from a manuscript found in the cabinet of the famous Sir H. Polesworth, in the year 1712. 1794.txt",47647,1,15,1,1,hes ,beſt; ,believing ,her ,to ,be ,his ,"Own, 
""0 ",upon: ,the ,body: ,of ,Mrs. ,Bull. ,"i 


","SH _ 


* ",The ,ſecond* ,"daughter, ",born; 
150,5,55646,GALE_CB0127272860.txt,58435,1,15,1,1,haIve ,little ,true ,Knowlege ,of ,N\,"ature, ",or ,of ,the ,Body ,of ,"rvlan, ",fancy ,what ,th~,ey ,"please, ",Oyls ,may 
3,0,7157,A_dialogue_between_Philiater_a.txt,37368,1,15,1,1,"therefore
",or ,foul ,with ,"you, ",I ,fear ,we ,"must
",the ,Body ,of ,that ,Hand ,which ,"writ
",never ,expect ,more ,of 
8,0,22365,A_dialogue_between_Philiater_a.txt,37368,1,15,1,1,deur ,and ,Dignity ,of ,a ,Learned ,"Moun¬
",Phil. ,The ,whole ,Body ,of ,"the
",tebant. ,Learning ,is ,a ,thing ,of ,"great
"
120,5,33684,GALE_CB0127272860.txt,58435,1,15,1,1,and ,be ,speedily ,and ,effeAualy ,cast ,quite ,out ,of ,the ,Body. ,Of ,which: ,yet ,no ,Man ,can ,ever ,be ,absolutely 
108,5,27275,GALE_CB0127272860.txt,58435,1,11,2,1,the ,Feet ,and ,Leg~,gs. ,ithe [,mpediment ,ceafles ,wen ,the ,Body ,is ,in ,a ,recarm- ,bent ,Pofurer. ,For ,whbich ,Reaso~
79,5,13397,GALE_CB0127272860.txt,58435,1,11,2,1,"Body, ",and ,the ,Laws ,o~,f ,Adtion ,"there, ",while ,the ,Body ,is ,in ,Health: ,as ,well ,as ,what ,is ,"amiss, "
29,2,13226,An_examination_of_Dr__Woodward.txt,16605,1,11,1,1,Crollius ,and ,"Guillandi¬
","nus, ",together ,with ,those ,Postulata ,"which
",every ,Body ,is ,agreed ,"about, ",and ,are ,"of
",course ,presupposed ,in 
248,6,29801,"Law is a bottomless pit or, The history of John Bull. Published from a manuscript found in the cabinet of the famous Sir H. Polesworth, in the year 1712. 1794.txt",47647,1,11,1,1,"peaceably 


",together ,for ,the ,time ,to ,come: ,if ,"ev- 
* ",ery ,body ,is ,as ,well ,inclined ,as ,"I, ","we 


",ſhall. ,quickly 
4,0,13291,A_dialogue_between_Philiater_a.txt,37368,1,11,1,1,will ,suppose ,our ,"Insant¬
",ed ,and ,daub',"d, ",as ,his ,Body ,is ,"be¬
","Physician, ",his ,mind ,gaudily ,"painted
",deck',d 
107,5,27162,GALE_CB0127272860.txt,58435,1,11,1,1,the ,Feet ,and ,LeggsR . ,i ~,d ,be~,"sides, ",cwho ,the ,Body ,is ,ere~,"ls, ",the ,"Agent, ",of ,he ,"Phlegm, ",beingR 
180,7,14978,ProQuestDocuments-2025-06-19.txt,41511,1,11,1,1,"lean.

",This ,Member (,I ,mean ,the ,Spleen ) ,of ,the ,whole ,Body ,is ,greatest ,and ,worst ,favoured ,to ,"behold, ",black •,f 
20,2,1972,An_examination_of_Dr__Woodward.txt,16605,1,11,1,1,The ,"latter, (",I ,mean ,the ,"Attracti¬
",on ,of ,a ,heavenly ,Body) ,is ,made ,use ,of ,"by
",a ,late ,ingenious ,Writer; 
81,5,15021,GALE_CB0127272860.txt,58435,1,11,1,1,T~,"rcth, ",and ,any ,sure ,Information ,in ,this ,Affair. ,The ,Body ,is ,not ,of ,"Crystal, ",nor ,the ,Parts ,so ,transparent 
23,2,2173,An_examination_of_Dr__Woodward.txt,16605,1,11,1,1,"Solids, ",nor ,the ,"grosier
",Fluids ,of ,the ,terraqueous ,Globe; ,"whar
",Body ,is ,that: ,I ,dare ,not ,be ,"positive, ","bur
",lIl 
113,5,29071,GALE_CB0127272860.txt,58435,1,11,1,1,hinder ,its ,p::,"ffing, ",thorow ,"them, ",direalty ,out ,of ,the ,"Body, ",is ,the ,fare ,WI~,ay ,to ,turn ,it ,into 
19,2,807,An_examination_of_Dr__Woodward.txt,16605,1,9,2,2,a ,"Consusion,
",according ,to ,the ,Laws ,of ,Gravity: ,"that
","Matter, ",Body ,or ,"Bodies, ",which ,had ,"the
",greatest ,quantity ,or ,degree 
36,2,14955,An_examination_of_Dr__Woodward.txt,16605,1,9,2,2,a ,"Confusion,
",accordingito ,the ,Laws ,of ,Gravity: ,That ,"Mat¬
","ter, ",Body ,or ,"Bodies, ",which ,had ,the ,"greatest
",quantity ,or ,degree 
146,5,54042,GALE_CB0127272860.txt,58435,1,9,1,1,that ,uinderitand ,the ,Stru~,ture ,and 1,Me- ,chantifm ,of ,the ,"Body, ",or ,attend ,but ,to ,so ,much ,of ,it ,as~ 
27,2,10330,An_examination_of_Dr__Woodward.txt,16605,1,9,1,1,"accor¬
",ding ,to ,the ,Laws ,of ,Gravity. ,that ,"Mat¬
","ter, ",Body ,or ,Bodies ,iphich ,had ,the ,"greatest
",quantity ,or ,degree 
161,7,5885,ProQuestDocuments-2025-06-19.txt,41511,1,9,1,1,say ,a ,"Science, ",removing ,Diseases; ,its ,Subject ,is ,Man',s ,"Body, ",or ,"indeed, ",I ,may ,"say, ",all ,things ,sensitive ,are 
176,7,13674,ProQuestDocuments-2025-06-19.txt,41511,1,9,1,1,within ,"Bounds, ",it ,produceth ,less ,inconvenience ,or ,trouble ,to ,the ,Body ,or ,Mind; ,but ,if ,it ,corrupt ,or ,degenerate ,further 
117,5,31995,GALE_CB0127272860.txt,58435,1,9,1,1,to ,give ,Medicines ,that ,will ,"pass, ",and ,go ,thorough: ,the ,"Body, ",or ,none ,at ,all. ,In ,Order ,to ,"which, ",and 
187,7,18452,ProQuestDocuments-2025-06-19.txt,41511,1,9,1,1,Nature ,of ,the ,"Physick, ",and ,of ,the ,disposition ,of ,the ,Body ,or ,Part ,whereto ,they ,apply ,it; ,yet ,"alass, ",many 
207,10,9683,ALETTE~1.TXT,10756,1,9,1,1,"wc 


_ 


",NO ,"wWwwurs 


+ ""","Tinkers, 


| © ",either ,of ,the ,StyuBure ,of ,the ,"Body, ",or ,the ,"Caujes 
© ",of ,"Diſeaſes, ",but ,is ,"Vain, ",Conce 
89,5,20050,GALE_CB0127272860.txt,58435,1,8,3,2,brough~,"t
",brought ,into ,the ,W~,orld ,with ,th~,e ,Body : ,that ,they ,are ,exditent ,in ,"it, ",ever ,"after, ",in 
218,0,27518,A_dialogue_between_Philiater_a.txt,37368,1,8,3,2,is ,known ,"to
",then ,knew ,nothing ,of ,his ,"unhappy
",every ,"body, ",that ,they ,are ,both ,"of
",Destiny ,in ,suffering ,so 
85,5,17474,GALE_CB0127272860.txt,58435,1,8,3,1,and ,the ,Vef- ,f~,els ,near ,the ,Surface ,of ,the ,"Body, ",that ,they ,cannot ,tranfinit ,the ,Mat- ,ter ,to ,the 
47,3,5403,b30773234_0002.txt,7164,1,8,1,1,"mean
",nothing ,by ,"them, ",but ,the ,finer ,Fluids ,of ,"the
","Body, ",that ,are ,capable ,of ,permeating ,the ,"cu¬
",rious ,Texture 
104,5,26521,GALE_CB0127272860.txt,58435,1,8,1,1,them ,to ,de- ,s~,"cend, ",and ,go ,out ,of ,the ,Body. ,That ,likewise ,may ,be ,"ailfited, ",and ,"furthered, ",by: ,a 
212,0,6003,A_dialogue_between_Philiater_a.txt,37368,1,8,1,1,"degree, ","and
",you ,spoke ,well ,of ,people ,once ,"in
",every ,body ,that ,reads ,must ,"needs
",your ,life; ,Pray ,lets ,hear 
37,2,15256,An_examination_of_Dr__Woodward.txt,16605,1,8,1,1,absolutely ,ar ,"least, ",if ,"nor
",secifically ,heavier ,than ,that ,other ,"Body
",that ,swims ,along ,with ,"it, ",it ,"proporti¬
",onably ,gravitates 
40,3,4348,b30773234_0002.txt,7164,1,8,1,1,vanish',"d.
",HARL. ,This ,merry ,"Fellow, ",I ,"find, ",was ,"ſome
","Body, ",that ,vou ,have ,a ,more ,than ,"commoni
",Value ,"for, "
76,5,12116,GALE_CB0127272860.txt,58435,1,6,1,1,"imaginary, ",NVo ,Change ,ever ,"made, ",to ,the ,Ad- ,uantage ,ofthte ,Body ,but ,byr ,a ,fuccefice ~,Renovatizon ,of ,Things ,in ,it : 
17,1,16170,"An epistle to Dr. Richard Mead, concerning the epidemical diseases of Virginia, particularly, a pleurisy and peripneumony Wherein is shown the surprising efficacy of the se.txt",16685,1,6,1,1,pinions ,of ,Men ,concerning ,their ,Effects ,"u- 
",pon ,the ,human ,Body; ,but ,Experience ,"evi- 
",dentiy ,ſhews ,their ,"Miſtakes, | ",and ,that 
234,6,9417,"Law is a bottomless pit or, The history of John Bull. Published from a manuscript found in the cabinet of the famous Sir H. Polesworth, in the year 1712. 1794.txt",47647,1,6,1,1,the ,"law, ",and ,knew ,as ,much ,of ,"it 
",as ,any ,body; ,but ,having ,left ,off ,"the 
",profeſſion ,for ,ſome ,"time, "
220,0,31128,A_dialogue_between_Philiater_a.txt,37368,1,6,1,1,bolts ,you ,so ,often ,"fhoot
",at ,random) ,in ,your ,whole ,"body.
",But ,that ,we ,may ,the ,more ,"exactly.
",weigh ,this 
90,5,20107,GALE_CB0127272860.txt,58435,1,6,1,1,indu ,Quniy ,they ,have ,their ,"Olkces, ",and ,"Ufep, ",in ,the ,Body. ,But ,when ,they ,w~,e ,"vitiated, ",and ,"redundant, ",th~
239,6,18010,"Law is a bottomless pit or, The history of John Bull. Published from a manuscript found in the cabinet of the famous Sir H. Polesworth, in the year 1712. 1794.txt",47647,1,6,1,1,it ,the ,finiſhing ,ſtroke ; ,an ,honour ,"that 


1 ",would ,grudge ,any ,body ,but ,"yourfelf. 


",In ,order ,to ,eaſe ,you ,of ,ſome 
263,4,22,bim_eighteenth-century_an-account-of-the-sickne_technicum-dr_1719.txt,2246,1,5,1,1,"RI
",As ,"also,",of ,what ,appear ,d ,upon ,"openir
",his ,"BODY.
",In ,aLetter ,to ,a ,FRIEND ,in ,the ,"COUNTRY.
",By 
219,0,29891,A_dialogue_between_Philiater_a.txt,37368,1,5,1,1,"e¬
",more ,inquisitive ,spould ,endeavour ,"to
",very ,cranny ,of ,the ,"body, ",in ,"order
",conduct ,them ,into ,a ,true ,"path, ","wonld
"
229,6,3034,"Law is a bottomless pit or, The history of John Bull. Published from a manuscript found in the cabinet of the famous Sir H. Polesworth, in the year 1712. 1794.txt",47647,1,5,1,1,good ,"ware, ",and ,will ,"ſerve 
% ",him ,as ,cheap ,as ,any ,body. ,In ,"that 
","caſe, ",I ,leave ,you ,to ,judge ,what 
259,7,40986,ProQuestDocuments-2025-06-19.txt,41511,1,5,1,1,"Wings, ",and ,make ,our ,Souls [,as ,the ,Lame-,man',s ,body ,in ,the ,Gospel] ,entirely ,"whole, ",and ,so ,elevate ,us 
210,0,3617,A_dialogue_between_Philiater_a.txt,37368,1,5,1,1,Empirick. ,Put ,"them
",you ,will ,sind ,me ,to ,be ,some-,"body;
",in ,two ,"Scales, ",and ,you ,will ,"find
",and ,not 
153,5,56454,GALE_CB0127272860.txt,58435,1,5,1,1,"Guts,. ",Urinary ,"Passages, ",and ,indeed ,all ,the ,Vessels ,of ,the ,Body ,s ,but ,thos~,e ,chiefly ,in ,which ,the ,Bi-
249,6,32120,"Law is a bottomless pit or, The history of John Bull. Published from a manuscript found in the cabinet of the famous Sir H. Polesworth, in the year 1712. 1794.txt",47647,1,5,1,1,of ,the ,way : ,that ,he ,was ,"extremely 
| ",diligent ,about ,every ,body',s ,buſineſs ,"but 
",bis ,own: ,that ,the ,ſaid ,"Timothy, "
242,6,19920,"Law is a bottomless pit or, The history of John Bull. Published from a manuscript found in the cabinet of the famous Sir H. Polesworth, in the year 1712. 1794.txt",47647,1,5,1,1,What',s ,that ,to ,"you, ","Gurdy- 
","guts, (",quoth ,Peg) ,every ,body',s ,"to 


",Ab: «,Chaſe ,their ,own ,muſick.” ,Then ,"Pe; 

"
228,6,2404,"Law is a bottomless pit or, The history of John Bull. Published from a manuscript found in the cabinet of the famous Sir H. Polesworth, in the year 1712. 1794.txt",47647,1,5,1,1,What',s ,that ,to ,"you, ","n = 

© ","guts, (",quoth ,Peg) ,every” ,body',s ,"to 

« ",chuſe ,their ,own ,"mufick,” ",Then ,"Peg 
1 ",taken 
31,2,14476,An_examination_of_Dr__Woodward.txt,16605,1,5,1,1,of ,other ,Bodies ,is ,"tryed;
",and ,the ,difference ,of ,a ,Body',s ,weight ,"in
",Air ,and ,Water ,being. ,equal ,to 
245,6,26517,"Law is a bottomless pit or, The history of John Bull. Published from a manuscript found in the cabinet of the famous Sir H. Polesworth, in the year 1712. 1794.txt",47647,1,4,1,1,a ,man',s ,"finger, ","they 
",will ,pull ,in ,his ,whole ,body ,at ,"laſt, ","till 
",they ,ſqueeze ,the ,"heart, ",blood ,and 
41,3,4589,b30773234_0002.txt,7164,1,4,1,1,"Mouth, ",and ,so ,passes ,into ,"the
","Stomach, ",but ,enters ,the ,Body ,at ,the ,"other
& ","Gate, ",where ,the ,Zibethum ,Occidentale ,"passes
"
132,5,48002,GALE_CB0127272860.txt,58435,1,4,1,1,naged ,where ,there ,is ,a ,NeceffiTty~,rmsniJ ,Ine ,Bult ,the ,"Body, ",at ,this ,"nd~7~, ","of: ~,","the' "" '""",r ,"Disease, ",is ,in 
16,1,15770,"An epistle to Dr. Richard Mead, concerning the epidemical diseases of Virginia, particularly, a pleurisy and peripneumony Wherein is shown the surprising efficacy of the se.txt",16685,1,4,1,1,to ,"England, ",was ,"affect- 


",ed ,with ,a ,Sluggiſhneſs ,of ,his ,Body ,at ,"Times, 


",attended ,with ,erratick ,"Fevers, ",and ,"eſpecially 
85 * ","Eating, "
80,5,14005,GALE_CB0127272860.txt,58435,1,4,1,1,Nature ,it ,"is, ",or ,where ,it ,ex- .,ifts ,in ,the ,Body. ,Nor ,can ,a ,Man ,w~,ell ,forbear ,admireing ,that 
88,5,19542,GALE_CB0127272860.txt,58435,1,4,1,1,rs. ,AIl/,awfo ,had ,not ,above ,So ,over ,her ,whole ,Body. ,Nor ,did ,they ,leave ,the ,least ,"Scar, ",or ,M/
121,5,35749,GALE_CB0127272860.txt,58435,1,4,1,1,any ,such ,Thing ,as ,a ,Nei·,rvous ,"Fluid, ",mn ,the ,Body. ,Nor ,hath ,"Anatomy, ",or ,any ,Phatnomenoni ,of ,Nature ,hi- 
186,7,16562,ProQuestDocuments-2025-06-19.txt,41511,1,4,1,1,so ,"Mean, ","Illiterate, ",or ,Rude: ,This ,take• ,nothing ,of ,the ,"Body, ",nor ,intermeddleth ,with ,H•,"mours, ",but ,giveth ,a ,direct 
205,10,7294,ALETTE~1.TXT,10756,1,4,1,1,With ,the ,O14 520 ,"odiſts, ",of ,the. ,"Tex- 
",tare ,of ,the ,"Body, ",the ,different ,"Conformation 
7 ",the ,"Parts, 2 ",Con ,figavation 7 ,the ,"Pores. 
"
93,5,20855,GALE_CB0127272860.txt,58435,1,4,1,1,for ,an ,Uneasines~,s ,and ,Sickly ,Aching ,all ,over ,the ,Body : ,the ,fleat ,of ,the ,"Stomach, ",the ,"Cardialgia, ",orBurning ,of 
74,5,11507,GALE_CB0127272860.txt,58435,1,4,1,1,p* 9* ,Of ,the ,Heat ,of ,the ,"Blood, ",and ,of ,the ,Body. ,The ,Origi ,of ,the ,Globurles ,of ,the ~,Blood.~ ,Their 
83,5,16787,GALE_CB0127272860.txt,58435,1,4,1,1,firange ,and ,unknown ,to ,the ,Organs ,and ,Powers ,of ,the ,Body. ,The ,Principles ,in ,the ,"Stomach, ",du- ,ring ,the ,Small-
35,2,14848,An_examination_of_Dr__Woodward.txt,16605,1,4,1,1,same ,bulk ,and ,"sigure, ","and
",of ,different ,Specisick ,"Gravities, ",that ,"Body
",which ,has ,the ,greatest ,Specisick ,"Gravity,
",will ,also ,descend 
44,3,4767,b30773234_0002.txt,7164,1,4,1,1,Because ,from ,the ,Stomach ,"proceeds
",all ,the ,Disorders ,of ,the ,Body; ,which ,is ,"the
",Source ,and ,Residence ,of ,the ,"Bile, * "
182,7,15210,ProQuestDocuments-2025-06-19.txt,41511,1,4,1,1,an ,humour ,breeding ,most ,terri••• ,accidents ,and ,pains ,to ,the ,"Body, ",which ,the ,Melanch••• ,and ,gross ,Blood ,doth ,more ,forcably 
204,10,5231,ALETTE~1.TXT,10756,1,4,1,1,"excuſed, ",or ,if ,his ,Deductians ,"are 
",not ,clear ,to ,every ,"Body, ",which ,you ,"conſeſs 
",to ,be ,your ,own ,Caſe; ,for 
101,5,26302,GALE_CB0127272860.txt,58435,1,3,1,1,which ,the ,peccant: ,M~,atter ,cannot ,be ,cast ,"forth, ",the ,Body_ ,be ,animated ,and ,"invigorated, ",or ,Nature ,difingaged ,of ,what 
112,5,28611,GALE_CB0127272860.txt,58435,1,3,1,1,oc',"agon, ",take ,away ,more ,Blood & ,even ,"tho""'""'",d ,the ,Body ,be ,"languishing, ","spent, ",and ,the ,Powers ,of ,it ,near 
231,6,6592,"Law is a bottomless pit or, The history of John Bull. Published from a manuscript found in the cabinet of the famous Sir H. Polesworth, in the year 1712. 1794.txt",47647,1,3,1,1,"ſaid, ",that ,Hocus ,had ,a ,month',"s 
",mind ,to ,her ,"body; 


",be ,that ,as ,it ,"will, ","it 
",is ,matter ,of 
198,7,40275,ProQuestDocuments-2025-06-19.txt,41511,1,3,1,1,"Death, ",is ,understood ,the ,deplorable ,separation ,of ,the ,Soul ,and ,Body ,for ,ever ,from ,the ,Beatifical ,Vision ,or ,Presence ,o• 
185,7,16281,ProQuestDocuments-2025-06-19.txt,41511,1,3,1,1,Meats ,and ,"Drinks, ",which ,supply •,he ,four ,Humours ,of ,the ,"Body, ",for ,if ,any ,of ,them ,do ••,per ,"abound, ",Diseas•
71,5,10149,GALE_CB0127272860.txt,58435,1,3,1,1,"good, ",and ,useful: ,and ,indeed ,need- ,No ,ed ,by ,the ,Body ,for ,the ,Time. ,So ,"f,",hanfig ,"that, ",in ,"fine, "
238,6,16471,"Law is a bottomless pit or, The history of John Bull. Published from a manuscript found in the cabinet of the famous Sir H. Polesworth, in the year 1712. 1794.txt",47647,1,3,1,1,his ,"exorbi- 
",tant ,"riches, ",he ,"will, ",monopolize ,"every 
",thing ; ,no ,body ,will ,be ,able ,to ,"ſella 
",yard ,of ,drapery ,or 
196,7,34378,ProQuestDocuments-2025-06-19.txt,41511,1,3,1,1,Suns ,Meridian ,Be•••,"s, ",and ,yet ,the ,Glory ,of ,Christs ,Body ,will ,infinitely ,exceed ,them ,all; ,then ,will ,the ,joyful 
235,6,12512,"Law is a bottomless pit or, The history of John Bull. Published from a manuscript found in the cabinet of the famous Sir H. Polesworth, in the year 1712. 1794.txt",47647,1,3,1,1,we ,"have 
",hardly ,money ,to ,go ,to ,market; ,and ,"no- 
",body ,will ,take ,our ,words ,for- ,"fixpence. 

",Avery ,fine ,ſpark 
226,6,1459,"Law is a bottomless pit or, The history of John Bull. Published from a manuscript found in the cabinet of the famous Sir H. Polesworth, in the year 1712. 1794.txt",47647,1,3,3,3,girl ,"chat 
] ",had ,been ,ſtar ,y ,ed ,at ,nurſe; ,any ,"body 
",would ,have ,gueſſed ,mils ,to ,have ,"been 
",bred ,up 
227,6,2026,"Law is a bottomless pit or, The history of John Bull. Published from a manuscript found in the cabinet of the famous Sir H. Polesworth, in the year 1712. 1794.txt",47647,1,3,3,3,Church ,"of 1 


",had ,been ,ſtar ,v ,ed ,at ,nurſe; ,any ,"body 
",would ,have ,gueſſed ,miſs ,to ,have ,"been 
",bred ,up 
241,6,19440,"Law is a bottomless pit or, The history of John Bull. Published from a manuscript found in the cabinet of the famous Sir H. Polesworth, in the year 1712. 1794.txt",47647,1,3,3,3,k ,poor ,"wr . 
",J ,had ,been ,ſtarved ,at ,nurſe; ,any ,"body 
",would ,have ,gueſſed ,miſs ,to ,have ,"been 
",bred ,up 
49,3,7063,b30773234_0002.txt,7164,1,2,1,1,talks ,"Greek,
","P. 22.
",Why ,the ,Nerves ,are ,"useless,
","Ibid.
",The ,Body ,a ,Carcass ,of ,Wild-,"fire,
","Ibid.
",Scaramouch ,a ,Bidder 
223,0,36200,A_dialogue_between_Philiater_a.txt,37368,1,2,1,1,clapt ,upon ,his ,"head, ","by
",Ton ,will ,do ,a ,poor ,body ,a ,deed ,"of
",way ,of ,Complement ,"Extraordina¬
",Charity. ,And 
97,5,25879,GALE_CB0127272860.txt,58435,1,2,1,1,Nature' ,besides; ,and ,flich ,a ,"One, ",comeing ,into ,a ,humazi ,"Body·, ",already ,labouring ,under ,the ,ill ,EfFeas~ ,of ,too ,great 
110,5,28305,GALE_CB0127272860.txt,58435,1,2,1,1,asj ',Things ,now ,inal~,y ,happ ,en ,to ,"be, ",the ,Body ,already ,"overcharged, ",and ,the ,Orgains ,iln-,r ,"guid, ","feeble, "
206,10,8685,ALETTE~1.TXT,10756,1,2,1,1,of ,all ,"Things, ",Good ,and ,Bad ,to ,"f 
",ſ%,he ,"Body, ",are ,in ,the ,"Stomach, ",and ,"that, ","in 


",Il ,"Cafes, "
5,0,19207,A_dialogue_between_Philiater_a.txt,37368,1,2,1,1,"whom?
",himself ,in ,the ,Imperial ,"Throne.
",The ,Soul ,and ,the ,Body ,are ,"linked
",Mom. ,It ,is ,against ,"one, ","who
",together 
59,5,4268,GALE_CB0127272860.txt,58435,1,2,1,1,"Blood, ",hned ,of ,th ,"this, ",and ,the ,Parts ,of ,the ,"Body, ",aS ,Body. ,it ,passes ,"them, ",are ,kept ,conflantly ,to 
247,6,29767,"Law is a bottomless pit or, The history of John Bull. Published from a manuscript found in the cabinet of the famous Sir H. Polesworth, in the year 1712. 1794.txt",47647,1,2,1,1,be ,troubled' ,no ,more ,with ,"law 
",affairs; ,he ,thought ,every ,body ,as ,"plain 
",and ,ſincere ,as ,he ,was. ,"Well, ","neigh- 


"
28,2,10758,An_examination_of_Dr__Woodward.txt,16605,1,2,1,1,Laws ,of ,"Gravity, ","both
",as ,to ,the ,site ,of ,each ,Body ,by ,it ,"self,
(",that ,is ,parallel ,to ,the ,"Horizo, "
142,5,52763,GALE_CB0127272860.txt,58435,1,2,1,1,the ,"Blood, ·",arid ,to- ,difpti-,s',d ,over -,Al ,the ,Body. ,By ,whicih ,Means ,indeed ,the ,Opprefiion ,and ,Serife ,of ~
261,10,3340,ALETTE~1.TXT,10756,1,2,1,1,the ,Caſe: ,ot ,Mr. ,Y. ,O. ,the ,"Attorney. 
",For ,no ,body ,can ,believe ,you ,would ,"take 
",the ,Advantage ,of ,his 
164,7,7683,ProQuestDocuments-2025-06-19.txt,41511,1,2,1,1,Stomach ,to ,lose ,its ,Tone ,and ,"Rectitude, ",and ,then ,the ,Body ,can ,enjoy ,no ,Health; ,"besides,
","Page 19

",a ,bad ,Chylification 
209,0,3538,A_dialogue_between_Philiater_a.txt,37368,1,2,2,1,"educated, ","and
",Mom. ,I ,hope ,you ,will ,not ,"range
",every ,body ,can',t ,distinguish ,"be¬
",me ,among ,those ,litile ,"Empiricks,
"
7,0,20171,A_dialogue_between_Philiater_a.txt,37368,1,2,2,1,osten ,as ,"you
",can ,do ,your ,Gilded ,"Titles.
",Mom. ,Every ,Body ,can',t ,vary ,"the
","Phrase, ",as ,l ,have ,had 
224,2,14373,An_examination_of_Dr__Woodward.txt,16605,1,2,1,1,not ,imagin ,how ,"I
",should ,do ,cither ,"Scilla, ",or ,any ,body ,"else,
",any ,"wrong, ",if ,I ,used ,it ,in ,my 
208,0,1856,A_dialogue_between_Philiater_a.txt,37368,1,2,1,1,several ,of ,them ,one ,time ,"or
",ter ,man ,than ,every ,body ,"else,
","other, ",and ,I ,being ,a ,Stranger ,"to
",who 
192,7,27221,ProQuestDocuments-2025-06-19.txt,41511,1,2,1,1,to ,offend ,"him, ",who ,is ,able ,to ,cast ,Soul ,and ,Body ,into ,"Hell, ",and ,Christ ,will (,as ,when ,he ,heard 
221,0,35884,A_dialogue_between_Philiater_a.txt,37368,1,2,1,1,"per
",rudely ,and ,Clownishly ,"entering
",swade ,your ,"self, ",that ,no ,"body
",into ,the ,Conclave ,of ,"Physiciani.
",could ,have ,answered ,you 
118,5,32043,GALE_CB0127272860.txt,58435,1,2,1,1,fancyth.11,Efay ,to ,carry ,the ,peccant ,Matter ,out ,of ,the ,"Body, ",it ,be ,realy ,carryed ,further ,into ,"it, ",and ,cast 
60,5,4270,GALE_CB0127272860.txt,58435,1,2,1,1,of ,th ,"this, ",and ,the ,Parts ,of ,the ,"Body, ",aS ,Body. ,it ,passes ,"them, ",are ,kept ,conflantly ,to ,a ,due 
67,5,9145,GALE_CB0127272860.txt,58435,1,2,1,1,p ,"f""~ ",teals ,are ,yearly ,set ,"off, ",with ,"Age, ",the ,Body ,muff ,continualy ,decay : ,"and, ",when ,to ,many ,are ,obitrudfed 
109,5,27570,GALE_CB0127272860.txt,58435,1,2,1,1,be ,objtained.' ,"Forl, ",without ,"that, ","the ,",P',owers ,of ,the ,Body: ,muff ,needs ',fail: ,and ,Ni- ,ture ,be ,fobon ,at 
171,7,11512,ProQuestDocuments-2025-06-19.txt,41511,1,2,1,1,at ,any ,time ,they ,by ,chance ,do ,Cure ,the ,Patients ,"Body, ",they ,are ,sure (,with ,Aesop ',s ,Physician) ,to ,leave 
14,1,13313,"An epistle to Dr. Richard Mead, concerning the epidemical diseases of Virginia, particularly, a pleurisy and peripneumony Wherein is shown the surprising efficacy of the se.txt",16685,1,2,1,1,conſtituted; ,"Per 


",oa ,Congattioni ,of ,"ſome, ",m. ,morbifick ,"e | 
",he ,Body ,they ,"being, ",fometimes ,by ,"Urine, 


1 ","Expeftpration, ","Abſceſs, ",Fra 1 50 ,"ade 
"
225,6,1360,"Law is a bottomless pit or, The history of John Bull. Published from a manuscript found in the cabinet of the famous Sir H. Polesworth, in the year 1712. 1794.txt",47647,1,2,2,2,fuch ,peppit ,a ,"are 
",We ,in ,the ,wrong ,than ,any ,"body. 


",Though ,ſhe ,had ,a ,thouſand ,"ood: 
","qualities, ",ſhe ,was 
240,6,19363,"Law is a bottomless pit or, The history of John Bull. Published from a manuscript found in the cabinet of the famous Sir H. Polesworth, in the year 1712. 1794.txt",47647,1,2,2,2,that ,ſuch ,people ,"are 
",oftner ,in ,the ,wrong ,than ,any ,"body. 


",Though ,ſhe ,had ,a ,thouſand ,"good 
","qualities, ",ſhe ,was 
133,5,48869,GALE_CB0127272860.txt,58435,1,2,1,1,too ,great ,for ,the ,IMech~,anifmn ,and ,Powers ,of ,the ,Body ,to ,expell. ',Tis ,"true, ",under ,the ,pres~,ent ,Modes 
33,2,14507,An_examination_of_Dr__Woodward.txt,16605,1,2,1,1,the ,Body ,weighed; ,the ,proportion ,of ,"the
",weight ,of ,this ,Body ,to ,that ,of ,Water ,"is
",hercby ,determined; ,if ,the 
111,5,28348,GALE_CB0127272860.txt,58435,1,1,1,1,who ,fancy ,"Nature, ",or ,the ,M/,echa- ,nifm ,of ,thie ,"Body, ",ac~,s ,constantly ,so ,fleadily ,and ,"rightly, ",that ,it 
57,5,3991,GALE_CB0127272860.txt,58435,1,1,1,1,Blood-,V~,"effels, ",and ,circulated ,with ,the ,Blood ,about ,the ,"Body, ",after ,the ,natural ,Secreti- ,ons ,and ~,Detachmr~,ents ,are 
105,5,26588,GALE_CB0127272860.txt,58435,1,1,1,1,tch ,"them, ",the ,natural ,and ,righlt ,"Way, ",out ,of ,the ,Body. ,All ,which ,"may, ",by ,a ,discreet ,and ,vigi- ,lant 
2,0,6455,A_dialogue_between_Philiater_a.txt,37368,1,1,1,1,did ,call ,"tbe
",we ,have ,greater ,plenty ,of ,"stubborn
",ihole ,Body ,an ,Apollinean ,"Society, ","and
","Diseases, ",than ,those ,Hotter ,"Coun¬
"
130,5,45311,GALE_CB0127272860.txt,58435,1,1,1,1,and ,free. ,Nay ,by ,a ,proper ,Dif-: ,polition ,of ,the ,"Body, ",and. ,Ordina- ,P 4 ,"tion
",tion ,of ,"Things, ",befor~,e-
184,7,16244,ProQuestDocuments-2025-06-19.txt,41511,1,1,1,1,Pythagoras ,his ,"Opinion, ",that ,all ,disorders ,of ,the ,Mind ,or ,"Body, ",are •,o ,many ,causes ,of ,Madness: ,Therefore ,let ,all 
141,5,51142,GALE_CB0127272860.txt,58435,1,1,1,1,capt~,ivated ,for ,the ,"Time, ",are ,as ,much ,in ,the ,Body ,asever : ,and ,"will, ","fCooner, ",or ,"later, ",ainfree ,and ,difingage `
13,1,12148,"An epistle to Dr. Richard Mead, concerning the epidemical diseases of Virginia, particularly, a pleurisy and peripneumony Wherein is shown the surprising efficacy of the se.txt",16685,1,1,1,1,"ſer 

| ",goes 1 ,its ,"Particles | 
0 ",Bo. ,"hy 

",are ,ge (,er 1 55 ,"c 


. ",Body ,"bape 1 80 01 
= 1 81 ","ſe, ",it ,Four 1 85 ,"any 


",A ,u ,e ,io 
54,5,2529,GALE_CB0127272860.txt,58435,1,1,1,1,ofstomash ,made ,"there, ",and ,Things ,"tranfadfed, ","rightly, ",or ,"wrongly, ",the ,"Body, ",bar- ,ring ,exrteriort ,"Accidents, ",is ,"wQell, ","of"" ",BS ,"ifl
"
131,5,47960,GALE_CB0127272860.txt,58435,1,1,1,1,nilh ,"wholey, ",and ,the ,Patient ,is ,"rescued, ",in ,Cafe ,the ,Body ,"be, ",be- ,fore ,"hand, ",so ,"disposed, ",and ,the ,O- 
65,5,8903,GALE_CB0127272860.txt,58435,1,1,1,1,Which ,Num- ,rbe ,com- ,ber ,is ,s~,uch ,"as, ",the ,Body ,beiPng ,ori- ,manPer;- ,ginall~,y ,"found, ",and ,rig~,htly 
167,7,8200,ProQuestDocuments-2025-06-19.txt,41511,1,1,1,1,Weakness ,and ,"Wearisomness, ",wasting ,of ,the ,"Flesh, ",and ,decay ,of ,Body ; ,"besides, ",in ,Old ,and ,Young ,these ,Humours ,bring ,"Swooning, "
116,5,29542,GALE_CB0127272860.txt,58435,1,1,1,1,aufe ,of ,the ,"Disease, ",may ,be ,thrown ,ouzt ,of ,the ,Body. ,"But, ",w~,hoever ,shall ,attempt ,the. ,thing ,in ,that 
9,0,23151,A_dialogue_between_Philiater_a.txt,37368,1,1,1,1,as ,you ,will ,"needs
",to ,the ,nature ,of ,the ,whole ,"Body, ","by
",now ,do) ,yet ,what ,is ,become ,"of
",understanding 
6,0,19298,A_dialogue_between_Philiater_a.txt,37368,1,1,1,1,has ,rained ,Nuts ,and ,Sugar ,"plums,
",than ,Physicians ,of ,the ,Body ,"can
",or ,that ,you ,can ,cure ,all ,"incurable
",have 
147,5,54265,GALE_CB0127272860.txt,58435,1,1,1,1,if ,given ,meerly ,as ,"Alterants, ",and ,to ,abide ,in ,the ,"Body, ",capable ,of ,doing ,"little, ",besides ,what ,is ,mif- ,"chievous, "
258,7,15944,ProQuestDocuments-2025-06-19.txt,41511,1,1,1,1,formerly 〈◊〉 ,affected; ,they ,are ,so ,"jealous, ",that ,they ,think ,eve•• ,body ,cheats ,and ,lays ,snares ,for ,them; ,they ,are ,afr••• 
62,5,7073,GALE_CB0127272860.txt,58435,1,1,1,1,renders ,the ,F;,eces ,"dry, ",and ,IHabit. ,hard.: ,and ,the ,Body ,coffive. ,The ~ ,Fure~,"s,, ",and ,W;,"ind, ",n ,ow 
172,7,13557,ProQuestDocuments-2025-06-19.txt,41511,1,1,1,1,Mind ,deviated ,from ,"Reason, ",and ,sometimes ,an ,humour ,of ,the ,Body ,commonly ,taken ,to ,be ,the ,Cause ,that ,the ,Reason 
18,1,16568,"An epistle to Dr. Richard Mead, concerning the epidemical diseases of Virginia, particularly, a pleurisy and peripneumony Wherein is shown the surprising efficacy of the se.txt",16685,1,1,1,1,"Benefit _ 
",for ,the ,"Publick, ",unleſs ,"they, ",in ,their ,"colle= \{ 
""",Rive ,"Body, ",confider ,him ,for ,it. ,To ,"this! 
","anſwer, ",When ,it 
68,5,9335,GALE_CB0127272860.txt,58435,1,1,1,1,not ,clarrymg ,it ,thor~,owly ,and ,effeducally ,out ,of ,the ,Body. ,Could ,either ,the ,Giver ,or ,Taker ,of ,s~,uch 
154,5,56523,GALE_CB0127272860.txt,58435,1,1,1,1,their ,Aation ,and ,Insult. ,Then ,"theyi
",giatefti~,ilpi ,dfkidndlykto ,the·,Body;· ,dern:~,efsp.,iifdde~,ar ,for ,t~,he -,Prlefer- ,uatistat·1 & 
26,2,5604,An_examination_of_Dr__Woodward.txt,16605,1,1,1,1,raising ,the ,Water ,of ,the ,"Abyss,
",and ,making ,a ,lighter ,"Body, ",descend ,"in
",its ,room; ,in ,sustaining ,Minerals ,in ,"Wa¬
"
73,5,11078,GALE_CB0127272860.txt,58435,1,1,1,1,Opportunities ,of ,making ,Ob- ,tbd ,"fs {,",li. ,fervations ,on ,the ,"Body, ","Diseases, ",and ,"Medicines, ",have ,done ,that ,with ,the ,Attention 
149,5,54494,GALE_CB0127272860.txt,58435,1,1,1,1,crd~,al : ,to ,the. ,Animation ,and ,Support ,"of "" ",A'~ ,the2 ,"Body, ",during ,thle ,main ,Ad- ,rnactic. ,mniniff ,r-,ation : ,or 
233,6,7498,"Law is a bottomless pit or, The history of John Bull. Published from a manuscript found in the cabinet of the famous Sir H. Polesworth, in the year 1712. 1794.txt",47647,1,1,1,1,the ,patient ,grew ,"worſe 
",every ,day ; ,ſhe ,ſtunk ,"ſo, ",no ,body ,"durſt 
",come ,within ,a ,ſtone',s ,throw ,of ,"her, 
"
175,7,13651,ProQuestDocuments-2025-06-19.txt,41511,1,1,1,1,having ,not ,a ,drop ,of ,nourishing ,Juice ,"remaining, ",whereby ,the ,"Body, ",either ,in ,Power ,or ,"Substance, ",may ,be ,"Relieved.

",If 
243,6,24974,"Law is a bottomless pit or, The history of John Bull. Published from a manuscript found in the cabinet of the famous Sir H. Polesworth, in the year 1712. 1794.txt",47647,1,1,1,1,the ,true ,owners; ,the ,lawyers ,"got = 
",well ,by ,it; ,every ,body ,elſe ,was ,un- ,"So 


",done. ,It 7 ,a ,common ,thing 
236,6,13873,"Law is a bottomless pit or, The history of John Bull. Published from a manuscript found in the cabinet of the famous Sir H. Polesworth, in the year 1712. 1794.txt",47647,1,1,1,1,unalterable: ,in ,all ,its ,parts ,"by 
4 3 ",Jon ,"Bull, ",or ,any ,body ,elſe: ,for ,"that 
14 1 ",it ,ſhall ,be ,lawful ,and ,"allowable 
= "
143,5,53125,GALE_CB0127272860.txt,58435,1,1,1,1,do ,MPitchief ,without 15,nd -,or ,NPica- ,"fore, ",efCpecially ,in .,thofk ',Body~,es~ `,that ,have ,"Phlegm, ",and ,other ,pec- ~,cant ,"Matter, "
106,5,26706,GALE_CB0127272860.txt,58435,1,1,1,1,quite ,"off, ",and ,fleer ,them ,direQ1,ly ,out ,of ,the ,Body. ,Even ,the ,common ,Mucilaginous ,Medicines~ ,take ,up ,the ,"Salts, "
61,5,4708,GALE_CB0127272860.txt,58435,1,1,1,1,sbe ,ffribjution ,and ,Circulation. ,of ,the ,Blo~,od ,about ,the ,Body ,Ev·,en· ,in ,A- ,nimals ,that ,are ,"dead, ",if 
69,5,9350,GALE_CB0127272860.txt,58435,1,1,1,1,or ,Taker ,of ,s~,uch ,Medicines ,look ,afterwards ,into ,the ,"Body, ",fee ,wihat ,Havock ,was ,made ,"there, ",and ,how ,many 
162,7,5913,ProQuestDocuments-2025-06-19.txt,41511,1,1,1,1,are ,five ,"parts.

1. ","Physiologia, ",which ,is ,the ,Knowledge ,of ,the ,"Body, ",fram',d ,of ,"Elements, ","Temprements, ","Parts, ",Faculties ,and ,Functions. 2. 
138,5,50428,GALE_CB0127272860.txt,58435,1,1,1,1,the ,Blood ,is ,gradualy -,depurated: ,the ,Confli- ,tution ,refeued : ,the ,Body ,freed ,from ,the ,Causes ,of ,Difeaf',es : ,and ',the 
136,5,49136,GALE_CB0127272860.txt,58435,1,1,1,1,LVI. -,But ,the ,thorough ,"Clearing, ",wed ,and ,R~,escuing ,the ,"Body, ",frofii ,Mat- ,Ccl~,tgcr ,aps ,ter ,that ,is ,n~
155,5,57992,GALE_CB0127272860.txt,58435,1,1,1,1,r ,ofomitt.,ing ,them.,Ibid. ,The ,Ca ,"gout, ",amndFreeing ,the' ,"Body, ",fromt ,all ,nxiours ,"Principjles, ",a ,gr ,car ,and ,dgicurlt: 
252,6,35856,"Law is a bottomless pit or, The history of John Bull. Published from a manuscript found in the cabinet of the famous Sir H. Polesworth, in the year 1712. 1794.txt",47647,1,1,1,1,ſwinging ,with ,no ,Ae ,in ,him: ,"the 
",took ,down ,the ,body ,"gently, ",and ,laid ,"it 
",on ,a ,"bulk, ",and ,brought 
222,0,35916,A_dialogue_between_Philiater_a.txt,37368,1,1,1,1,or ,"that
",you ,have ,done ,the ,worst ,you ,"can,
",no ,body ,had ,the ,Courage ,to ,"un¬
",and ,"believe, ",you ,cannot 
214,0,14487,A_dialogue_between_Philiater_a.txt,37368,1,1,1,1,"inbu¬
",they ,being ,so ,"ignorant, ","insagacions,
","manity, ",and ,that ,no ,body ,"hardly
",and ,"inexpert, ",as ,most ,of ,them ,"are?
",deserues 
96,5,23648,GALE_CB0127272860.txt,58435,1,1,1,1,"needfull,",taanther ,"because, ",at ,this ,End ,of ,the ,"Difeafe,':,"" ""'),- ",the ,Body ,has ,"been, ",for ,some ,"Time,",da;. ,not ,only ,deprived 
160,7,4972,ProQuestDocuments-2025-06-19.txt,41511,1,1,1,1,how ,he ,feels ,"himself, ",and ,in ,what ,part ,of ,his ,Body ,he ,is ,most ,"afflicted, ",that ,can ,give ,a ,Man 
123,5,41582,GALE_CB0127272860.txt,58435,1,1,1,1,ca- ,fling ,them ,upon ,the ,"Habit, ",and ,Organs ,of ,the ,Body. ,Hecnce ,thle ,great ,Increase ,of ,the ,"Stone, ","Gout, ","Itheulmatifmn, "
183,7,15642,ProQuestDocuments-2025-06-19.txt,41511,1,1,1,1,"Animal 〈◊〉, ",which ,darts ,vigorously ,thro' ,all ,the ,Pores ,of 〈◊〉 ,distempered ,Body; ,hence ,also ,it ,is ,that ,they ,endure ,the ,severest 
253,6,38640,"Law is a bottomless pit or, The history of John Bull. Published from a manuscript found in the cabinet of the famous Sir H. Polesworth, in the year 1712. 1794.txt",47647,1,1,1,1,out ,into ,the ,"following 
","en, 0 ; 


""","AS, 


""","GENTLEMEN, | 


«& ",I ,believe ,every ,body ,"here £7"" | 
",cc ,will ,allow ,me ,to ,be ,a ,very 
48,3,5589,b30773234_0002.txt,7164,1,1,1,1,many ,Chordae ,"Tensae, ",and ,pedissequi ,to ,"the
",Arteries ,throughout ,the ,Body; ,Hippocrates ,"himself
",calls ,a ,Nerve ,"indifferently, ",νν ,ot ,"ταν, "
70,5,9488,GALE_CB0127272860.txt,58435,1,1,1,1,is ,"certain, ","that, ",so ,long ,as ,the ,Mechanism ,of ,the ,Body ,"holds, ",even ,the ,"Exorbitances, ",Er~,rors ,and ,"Disorders, ","there, "
170,7,10197,ProQuestDocuments-2025-06-19.txt,41511,1,1,1,1,or ,any ,Excrescences ,that ,any ,way ,deform ,or ,incommode ,the ,Body. ,I ,have ,cured ,"these, ",and ,many ,other ,"Infirmities, ","nay, "
145,5,53519,GALE_CB0127272860.txt,58435,1,1,1,1,much ,more ,i~,ncommor .,ldious ,to ,ie ,Powiiercs ,of ,the ,"Body, ",I .,dahgef',ous ,to ,"Life, ",and ,farthef ,out ,cf 
179,7,14582,ProQuestDocuments-2025-06-19.txt,41511,1,1,1,1,the ,Animal ,Spirits ,issue ,out ,in•• ,every ,corner ,of ,the ,Body; ,if ,they ,be ,"dull, ",langui•• ,and ,"unactive, ",the ,"Hypocondria, "
163,7,6683,ProQuestDocuments-2025-06-19.txt,41511,1,1,1,1,in ,it ,"Harmony, ",if ,you ,would ,have ,it ,put ,the ,Body ,in 〈◊〉; ,what ,Medicine ,soe••• ,wants ,"this, ",will ,put ••,ery 
66,5,9094,GALE_CB0127272860.txt,58435,1,1,1,1,"Vigour, ",and ,"Nourishment, ",must ,lerifen ,in ,Pro- ,portion. ,Confeqluently ,the ,Body ,Inuff ,become ,gradualy ,feeble: ,as ,also ,"lean, ",which ,therefore 
38,2,15284,An_examination_of_Dr__Woodward.txt,16605,1,1,1,1,by ,the ,Resistance ,of ,"the
",ambient ,"Water, ",than ,that ,other ,Body ,"is.
",If ,therefore ,Scilla ,says ,that ,the ,"beavies
","Bodier


"
64,5,8520,GALE_CB0127272860.txt,58435,1,1,1,1,in ,greater ,or ,less ,bup ,en ,o ,Quantity : ,as ,the ,Body ,is. ,"coffive, 7,,",ant ,or ,free : ,as -,thle ,vitious ,Principles 
122,5,39279,GALE_CB0127272860.txt,58435,1,1,1,1,Apr~,"il',",are ,the .,only ,Months ,mentioned. ,"Whereas, -",eve- ,ry ,Body ,knows ,how ,mruch` ,more ,rife ,and ,dangerous ,Fevers ,ar'
124,5,42931,GALE_CB0127272860.txt,58435,1,1,1,1,of ,Ex- ,cretion~,"s,; ",and ,reffrainung ,vitious ,Principles -,in ,the ,Body~. ,Layilng ,the ,Strels' ,of- ,the ,Cure ,upon ,Things ,that 
21,2,2101,An_examination_of_Dr__Woodward.txt,16605,1,1,1,1,are ,rais',"d.
",The ,second ,Disficulty ,"is, ",the ,making ,"a
",Body ,ligliter ,than ,Water ,descend ,into ,"the
",Cavity ,of ,the 
126,5,43032,GALE_CB0127272860.txt,58435,1,1,1,1,Permitting -,Medicines ,that ,are ,not ,"natural, ",to ,stay ,in ,the ,Body ,longer ,than ,while ,they ,do ,what ,they ,were ,s~
39,2,15876,An_examination_of_Dr__Woodward.txt,16605,1,1,1,1,a ,necess.,y ,"Order,
",thit ,is ,to ,"lay, ",The ,weightest ,Body ,"loweimost, ",the ,less ,"weighty
",above ,"them, ",and ,the ,lightest 
128,5,44347,GALE_CB0127272860.txt,58435,1,1,1,1,Danger ,if ,it ,turns ,down- ,wards. ',The ,Mechanifin ,of ,the ,Body ,makes ,as ,clearly ,against ,Purgemng. ,How ,great ,a ,Paradox 
255,6,42919,"Law is a bottomless pit or, The history of John Bull. Published from a manuscript found in the cabinet of the famous Sir H. Polesworth, in the year 1712. 1794.txt",47647,1,1,1,1,play ,from ,my ,"youth, ",and ,"F 
",no ,bear ,in ,my ,body ,many ,a ,black ,"and. 
",blue ,gaſh ,and ,"ſcar, ",God 
168,7,8577,ProQuestDocuments-2025-06-19.txt,41511,1,1,1,1,Year; ,when ,Necessity ,requires ,take ,it ,as ,follows: ,A ,strong ,Body ,may ,take ,all ,the ,Three ,Pills ,in ,a ,Morning 
250,6,33178,"Law is a bottomless pit or, The history of John Bull. Published from a manuscript found in the cabinet of the famous Sir H. Polesworth, in the year 1712. 1794.txt",47647,1,1,1,1,and ,"turn- 
",ing ,ſtock-,"jobber, ",news-,"monger, ",and ,"bu- 


",ſy-,"body, ",meddling ,with ,other ,people',"s 
","affairs, ",ſhaking ,off ,his 
77,5,12157,GALE_CB0127272860.txt,58435,1,1,1,1,of ,Eva~,cuannt ,IMedicines. ,p. ,s9. ,The - ,Preparation ,of ,the ,Body ,need- ,ful ,to ,render ,"Evacuations, ",and ,E ·,D ,"as
-"
52,5,1996,GALE_CB0127272860.txt,58435,1,1,1,1,thanP ,to ,render ,"abfirufe,",radnd ,Ml ,fier~,y ,to ,the ;,Body ,o',fthe ,"Nation,",what ,isof ,s~,o ,comm~,on 
53,5,2506,GALE_CB0127272860.txt,58435,1,1,1,1,ous : ,and ,the ,Method ,of ,Re- ,Aifying ,them. ,Of ,the ~,Body ,of 1,Man ,inz ,Health. ,HE ,first ,"Scenes, ",andi ,of 
94,5,21072,GALE_CB0127272860.txt,58435,1,1,1,1,right- ,ly ,apprizedof ,the ,FErame ,and ,Struc- ,ture ,of ,the ,"Body, ",ofeing ,due ,Care ,and ,"Attentionl, ",will ,trace ,her ,"Steps, "
195,7,32479,ProQuestDocuments-2025-06-19.txt,41511,1,1,1,1,On ,this ,day ,he ,gave ,his ,Bread ,of ,"Life, ",his ,Body; ,On ,this ,day ,h• ,met ,his ,two ,Disciples; ',Twas 
25,2,4132,An_examination_of_Dr__Woodward.txt,16605,1,1,1,1,Bed ,was ,"formed, ","there
",was ,under ,it ,either ,another ,solid ,Body; ,"or,
",if ,some ,Fluid ,was ,"there, ",it ,was ,both 
98,5,25969,GALE_CB0127272860.txt,58435,1,1,1,1,Propertyes ,of ,Camphore ,were ,better ,known ,than ,"perhaps, ",in ,a ,Body ,osso ,fugitiv~,e ,and ,intradable ,a ,"Nature, ",they ,will 
215,0,16828,A_dialogue_between_Philiater_a.txt,37368,1,1,1,1,"Persons, ","and
","Holy
",English ,Books ,"Onlin


103
",Holy ,"things, (",which ,no ,body ,"ough
",so ,much ,as ,to ,play ,"with, ",much ,"less
"
251,6,33730,"Law is a bottomless pit or, The history of John Bull. Published from a manuscript found in the cabinet of the famous Sir H. Polesworth, in the year 1712. 1794.txt",47647,1,1,1,1,it ,"out 


",that ,you ,are ,quite ,"dead, ",and ,"convey. 
",your ,body ,out ,of ,priſon ,in ,a ,bier; ,"and 
",an ,Bull; 
201,9,1923,The_life_and_adventures_of_Don_Bilioso_de_L'Estomac__Translated_from_the_Original_Spanish_into_French;_done_from_the_French_into_English__With_a_lette.txt,2796,1,1,1,1,attack',d ,him ,"behind, ",and ,made ,an ,"Evacuation
",in ,his ,Body. ,"p. 129, 130.
",CHAP. ,"XVI.
",THE ,pleasantest ,Chapter ,in ,the ,whole 
151,5,55798,GALE_CB0127272860.txt,58435,1,1,1,1,"elf, ",as ,the ,most ,properior ,"te , ",L- ,Defense ,of ,the ,Body ; ,"particularly( """,mof_ ,ag;,ainst ,the ,Attacks .0,f .,thre ,Biliofecl 
125,5,43021,GALE_CB0127272860.txt,58435,1,1,1,1,clash ,with ,each ,"other, ",and ,make ,great ,Confusions ,in ,the ,Body·. ,Permitting -,Medicines ,that ,are ,not ,"natural, ",to ,stay ,in 
158,7,1585,ProQuestDocuments-2025-06-19.txt,41511,1,1,1,1,is ,profitable ,to ,the ,Natural ,"Body, ",and ,consequently ,to ,the ,Body ,"Politick, ",since ,the ,latter ,consists ,of ,the ,former ,as 
50,4,1435,bim_eighteenth-century_an-account-of-the-sickne_technicum-dr_1719.txt,2246,1,1,1,1,the ,"more
",nianly ,Pleasures ,of ,thofe ,warmer ,"Climates.
","His


(9.
",His ,"Body, ",pursuant ,to ,his ,own ,"Defire, ",was ,"opend
",by ,Mr. 
129,5,45027,GALE_CB0127272860.txt,58435,1,1,1,1,ed : ,the ,Strength ,augmnented : ,the ,Courage ,inhaunced : ,and ,the ,whole ,Body ,rendred ,"eafyer ,",by ,Turning ,"off, ",by ,"Vomnit, ",the ,Current 
260,8,1508,The Art of Political Lying.txt,1912,1,1,1,1,what ,to ,do ,with ,that ,"maxim, ",so ,frequent ,in ,every ,body’,"s 
","mouth, ",that “,Truth ,will ,at ,last ,prevail.” ,Here 
256,6,44358,"Law is a bottomless pit or, The history of John Bull. Published from a manuscript found in the cabinet of the famous Sir H. Polesworth, in the year 1712. 1794.txt",47647,1,1,1,1,I ,take ,care ,"of 
„",the ,welfare ,of ,other ,folks ,no ,"body 
",scan ,blame ,me ,to ,apply ,a ,little-,"halſam 
",to 
43,3,4755,b30773234_0002.txt,7164,1,1,1,1,must ,that ,be ,the ,"on¬
",ly ,Peccant ,Fluid ,in ,the ,"Body?
",SCAR. ,Because ,from ,the ,Stomach ,"proceeds
",all ,the ,Disorders 
166,7,8028,ProQuestDocuments-2025-06-19.txt,41511,1,1,1,1,of ,Vapours ,which ,arise ,from ,the ,lower ,parts ,of ,the ,"Body, ",sent ,up ,to ,the ,"Head, ",and ,then ,they ,bring 
197,7,34455,ProQuestDocuments-2025-06-19.txt,41511,1,1,1,1,so ,many ,Iosephs ,out ,of ,"Prison, ",and ,each ,Soul ,and ,Body ,separated ,by ,"Death, ",shall ,be ,conjoyn',"d, ",though ,our 
213,0,13806,A_dialogue_between_Philiater_a.txt,37368,1,1,1,1,come ,to ,"the
",ras ,will ,be ,puzled ,to ,find ,a ,"body
",seventh ,Year ,of ,their ,Prentice ,"ship.
",upon ,the ,next 
115,5,29485,GALE_CB0127272860.txt,58435,1,1,1,1,thall ,be ,rightly ,"cnfidered, ",and ,theinet ,n ,r ,Mechaniino ,the ,Body ,se~,t ,in ,a ,counte ,proper:,"Light, ",can ,any 
188,7,18709,ProQuestDocuments-2025-06-19.txt,41511,1,1,1,1,my ,Soul ,shall ,be ,freed ,from ,the ,Prison ,of ,my ,"Body, ",she ,may ,also ,be ,freed ,from ,all ,"Sufferings, ",and 
114,5,29225,GALE_CB0127272860.txt,58435,1,1,1,1,Nature ,is ,"the ""'~",terf~~,bnJ ,quite ,contrary~ ,WVay. ,T1,he` ,Body ,sn ,anl · ,i',s ,comnmoily ,fliopp ,ed ,downw~,"ards, "
199,7,40656,ProQuestDocuments-2025-06-19.txt,41511,1,1,1,1,manifests ,in ,providing ,all ,things ,necessary ,for ,his ,Soul ,and ,"Body, ",so ,that ,the ,godly ,Man ,is ,sure ,of ,having 
22,2,2151,An_examination_of_Dr__Woodward.txt,16605,1,1,1,1,we ,"may
",be ,allow',d ,to ,guess. ,There ,is ,a ,"Body
",somewhere ,about ,the ,"Earth, ",it ,is ,"neither
",any ,part 
34,2,14801,An_examination_of_Dr__Woodward.txt,16605,1,1,1,1,but ,of ,a ,different ,Absolute ,"Gravity, ",the ,"ab¬
",solutely ,heaviest ,Body ,supposing ,their ,"Fi¬
",gures ,to ,be ,"similar, ",will ,descend 
46,3,5248,b30773234_0002.txt,7164,1,1,1,1,You ,might ,have ,said ,like ,a ,"Town
","Top, ",for ,every ,Body ,takes ,a ,Laſh ,at ,"it.
",Upon ,the ,"whole, ",I 
12,1,2385,"An epistle to Dr. Richard Mead, concerning the epidemical diseases of Virginia, particularly, a pleurisy and peripneumony Wherein is shown the surprising efficacy of the se.txt",16685,1,1,1,1,a ,"leſs 
",Preſſure ,upon ,the ,"Lungs, ",and ,"Circumferencꝰ 
",of ,the ,"Body, ",than ,in ,a ,Country ,of ,a ,"greater 
","Latitude, ",becauſe 
42,3,4729,b30773234_0002.txt,7164,1,1,1,1,will ,"happen;
",but ,has ,not ,the ,other ,Juices ,of ,the ,Body ,"the
",same ,Title ,to ,do ,Mischief ,as ,the ,"Bile, "
72,5,11053,GALE_CB0127272860.txt,58435,1,1,1,1,in ,the ,"Fountain, ",and ,art- ,fully ,cast ,out ,of ,the ,"Body), ",the ~,Disorders ,inuit ,"relax, ","abate, ",and ,of .. ,finaly ,cease. 
177,7,13692,ProQuestDocuments-2025-06-19.txt,41511,1,1,1,1,degenerate ,further ,from ,it ,self ,and ,the ,quality ,of ,the ,"Body, ",then ,Perturbations ,and ,Passions ,are ,more ,"Vehement, ",and ,do 
152,5,55971,GALE_CB0127272860.txt,58435,1,1,1,1,"mdre, ",or ,"less, ",upon ,affl ,reasso. · ,Parts ,o~,f ,the· ,Body ,there ·,bein ,g ,none ,to ,which ,thle',e. ,Salts 
135,5,49050,GALE_CB0127272860.txt,58435,1,1,1,1,One ,Organ ,to ,"another, ",but ,difereetly ,cast- ,qtute ,"out, ",the ,Body ,thereby.·,acquires ,an ,"Eafe,",a ,"Freedomi, ",and -,"Vivacity, ",with 
140,5,51102,GALE_CB0127272860.txt,58435,1,1,1,1,nt _,only ,a ,mere ~,"Deluffon, ",but ,a ,Detriment ,to ,the ,Body. ,This ,is ,what ,all ,my ,Inquiryes ,and ,Ac- ,conts 
55,5,3537,GALE_CB0127272860.txt,58435,1,1,1,1,Blood: ,and ,so ,circulated' ,with~ ,"it, ",and ,thrown ,about ,the ,Body. ,Thle ,"coarser, ",and ,all ,that ,passes ,not ,the ~,Lac~
174,7,13629,ProQuestDocuments-2025-06-19.txt,41511,1,1,1,1,is ,an ,Excrement ,ordained ,to ,be ,Emitted ,out ,of ,the ,Body ,through ,so ,many ,alterations ,of ,Natural ,Heat ,and ,variety 
119,5,33596,GALE_CB0127272860.txt,58435,1,1,1,1,aftr ,s~,ome ,Timegn ,the ,"Night, ",the ,Powers ,of ,the ,"Body ', ",thus ,doubly ,"incited, ",exerting ,them- ,selves ,at ,"once, ",refe 
148,5,54391,GALE_CB0127272860.txt,58435,1,1,1,1,Difcharge ,ofl ,what ,is ,"noxirous, ",and ,"ill, ",out ,of ,the ,"Body. ,",Th~,ose .,are ,"indeed, ",in: ,"fomeMeafure, ",needfu~,ll ,in 
56,5,3786,GALE_CB0127272860.txt,58435,1,1,1,1,As ,the:,B~,lood ,offtw ,is~ ,clrcy ,atg ,about ,the ,"Body, , ",tia ,o~:,f ,as ,brofiglit ,to ,the ,several..... ,"Glandules,7"
139,5,50545,GALE_CB0127272860.txt,58435,1,1,1,1,there ,is ,"Matter, ","vitious,- ",and ,un~,na- ,"tural, ",in ,the ,"Body, '",tis ,sure ,to ,an- ,"noy, ",or ,to ,indanger ,"it, "
144,5,53413,GALE_CB0127272860.txt,58435,1,1,1,1,"there, ",and ,a ,Con- ,"fufiori, ",iri ,the ,Fluids ,of ,the- ,"Body,· ",too ,"greatr, ",anqd ,in ,WI~,ayes ,too ,nu',me- 
254,6,41664,"Law is a bottomless pit or, The history of John Bull. Published from a manuscript found in the cabinet of the famous Sir H. Polesworth, in the year 1712. 1794.txt",47647,1,1,1,1,Andrew ? ,"I. 
",hope ,the ,devil ,has ,not 88 ,"poſſeſſion 


",of ,thy ,body ,"too. 


",Andrew. ,"No, ",Sir; 1 ,only ,"defire 0 


",know ,what ,you 
24,2,4098,An_examination_of_Dr__Woodward.txt,16605,1,1,1,1,the ,time ,that ,any ,Bed ,was ,"formed,
",there ,was ,another ,Body ,under ,the ,same ,"Bed,
",hich ,did ,hinder ,the ,farther 
1,0,366,A_dialogue_between_Philiater_a.txt,37368,1,1,1,1,the ,Health ,"of
",But ,"still, ",Does ,not ,this ,"cross¬
",my ,Body ,upon ,being ,cocker ,d ,"with
",grain',d ,Temper ,of 
30,2,14447,An_examination_of_Dr__Woodward.txt,16605,1,1,1,1,"Bo¬


76


",A ,Vindication ,of ,an ,"Abstract
",understood. ,Water ,being ,a ,Body ,"very
","manageable, ",and ,easily ,to ,be ,come ,"at, 15
",the 
11,1,964,"An epistle to Dr. Richard Mead, concerning the epidemical diseases of Virginia, particularly, a pleurisy and peripneumony Wherein is shown the surprising efficacy of the se.txt",16685,1,1,1,1,for ,that ,"Purpoſe, ",in ,caſe ,of ,N ,"ed; 
",That ,their ,Body ,was ,all ,oyer ,"tumified, ","eh 


",te ,"nded 


",aeg ,dhe 
262,10,7134,ALETTE~1.TXT,10756,1,1,1,1,"with 4] 1 5 

7 ","net, 


","f. 


",g ,of ,your ,"own, ",on ,"Ti 
",which 60. ,body ,was \ ,aer ,"Bis 
»",Tis ,Cektain ,"that, ",by ,Small. ,P 
32,2,14498,An_examination_of_Dr__Woodward.txt,16605,1,1,1,1,of ,a ,quantity ,of ,Water ,equal ,in ,bulk ,"to
",the ,Body ,weighed; ,the ,proportion ,of ,"the
",weight ,of ,this ,Body 
58,5,4102,GALE_CB0127272860.txt,58435,1,1,1,1,is ,smproper :- ,and ,that ~,would ,be ,injuri- ,sus ,to ,the ,"Body, ",werte ,there ,not ,this ,Pyovijiors ,made ,for ,the ,Caflr 3
137,5,49800,GALE_CB0127272860.txt,58435,1,1,1,1,repellent ,"Medicines, '",tis ,ever ,with ,much ,greater ,Injury ,to ,the ,Body. ,What ,renders ,the ,thus ,flinging ,back ,of ,peccant ,"Matter, "
189,7,24621,ProQuestDocuments-2025-06-19.txt,41511,1,1,1,1,sake ,the ,rest ,have ,been ,"Created, ",consisting ,of ,a ,natural ,"Body, ",wherein ,he ,shall ,partake ,with ,other ,Creatures ,in ,"Being, "
10,0,26554,A_dialogue_between_Philiater_a.txt,37368,1,1,1,1,"be, ",in ,such ,a ,"depraved, ","sowre, ","and
",melancholick ,Habit ,of ,Body) ,"which
",Fevor ,aftewards ,turned ,into ,a ,"Ter¬
",tian-,"Ague, "
15,1,13368,"An epistle to Dr. Richard Mead, concerning the epidemical diseases of Virginia, particularly, a pleurisy and peripneumony Wherein is shown the surprising efficacy of the se.txt",16685,1,1,1,1,"Symptomatick, ",and ,immediately ,"depend 


",upon ,ſome ,Matter ,retained ,in ,the ,"Body, 
","which, ",ſhould .,"baye, ",been ,ſome ,Tio 8 ,"before 


",thrown. ,off 
86,5,17540,GALE_CB0127272860.txt,58435,1,1,1,1,thle ,greatest ,Observance ,and ,Caution. ,of ,IX. ,Camphore ,is ,a ,Body ,whose ~,cam ,"Nature, ","Propertyes, ",and ,Eflfects ,are ,ar.,very 
92,5,20681,GALE_CB0127272860.txt,58435,1,1,1,1,not ,"diffeded, ",and ,made ,Observation ,on ,the ,InfidZe ,of ,the ,"Body, ",with ,the ,fame ,Accuracy ,that ,h~,e ,had ,done 
230,6,6581,"Law is a bottomless pit or, The history of John Bull. Published from a manuscript found in the cabinet of the famous Sir H. Polesworth, in the year 1712. 1794.txt",47647,1,1,1,1,ſtill ,more ,"ſhame- 
",ful) ,with ,John',s ,own ,money. ,"Every 


",body ,"ſaid, ",that ,Hocus ,had ,a ,month',"s 
",mind ,to 
203,10,2393,ALETTE~1.TXT,10756,1,1,1,1,equal ,in ,"Diam- 
",eter. ,I ,have ,contrived ,likewiſe ,that ,"the 
",Body ,ſhall ,be ,placed ,in ,ſuch ,a ,Poſture ,"as 
",to 
246,6,27538,"Law is a bottomless pit or, The history of John Bull. Published from a manuscript found in the cabinet of the famous Sir H. Polesworth, in the year 1712. 1794.txt",47647,1,1,1,1,What ,"is 
",the ,matter ,with ,the ,old ,"gentlewoman, | 


",L 95 25 ,every ,body) ,ſhe ,never ,uſed ,"to 
","M 8 


£6 ","do 


* \ ",Careleneſs ; ,in . 1 ,"Aſcipline, "
232,6,7310,"Law is a bottomless pit or, The history of John Bull. Published from a manuscript found in the cabinet of the famous Sir H. Polesworth, in the year 1712. 1794.txt",47647,1,1,1,1,"after- 
. ",wards ,turned ,to ,a ,ſtinking ,"ulcer, ","which 
",made ,every ,body ,ſhy ,to ,come ,near ,"her; 
",yet ,ſhe ,wanted ,not 
