kwic_id,doc_id,doc_token_id,doc_file_name,token_count,hit_size,S1,S2,S3,L10,L9,L8,L7,L6,L5,L4,L3,L2,L1,R0,R1,R2,R3,R4,R5,R6,R7,R8,R9
4,0,9685,A_dialogue_between_Philiater_a.txt,37368,1,2,1,1,when ,you ,"discourse
","profane, ",and ,grosly ,abuse ,"them)
",with ,a ,"Fool, ",or ,proud ,"conceited
",in ,that ,third ,"Chapter, ","Isay, ","you
"
9,0,28205,A_dialogue_between_Philiater_a.txt,37368,1,2,1,1,vou ,had ,perused ,them ,twice ,in ,"their
",as ,of ,Tom ,"Fool, ",or ,Tom ,of ,"Bed¬
",most ,"Elegant, ",and ,Polite ,"Translati¬
"
1,0,35,A_dialogue_between_Philiater_a.txt,37368,1,2,1,1,A ,Whip ,for ,the ,"Ass, ",and ,a ,Rod ,for ,"the
",Fool',s ,"Back.
","LONDON,
",Printed ,for ,Walter ,Kettilby ,at ,the 
2,0,87,A_dialogue_between_Philiater_a.txt,37368,1,2,1,1,A ,Whip ,for ,the ,"Ass, ",and ,a ,Rod ,for ,"the
",Fool',s ,"Back.
.
","LONDON,
",Printed ,for ,Walter ,Kettilby ,at ,the 
14,3,2627,b30773234_0002.txt,7164,1,2,1,1,plain ,enough; ,"and
",so ,"plain, ",that ,thou ,art ,plainly ,a ,"Fool, ",to ,"ima¬
",gine ,that ,any ,of ,thy ,Flirts ,can 
15,7,39841,ProQuestDocuments-2025-06-19.txt,41511,1,2,1,1,given ,to ,"Detraction, ",and ,Anger ,without ,"cause, ",calling ,their ,Brother ,Fool; ,to ,these ,add ,lying ,"Reprobates, ",the ,"Proud, ",the ,"Cruel, "
6,0,9808,A_dialogue_between_Philiater_a.txt,37368,1,1,1,1,"verse:
",the ,Tract ,before ,us ,does ,too ,"much
",Answer ,a ,Fool ,according ,to ,his ,"folly.
",insinuate ,that ,you ,never ,"observe.
"
3,0,9638,A_dialogue_between_Philiater_a.txt,37368,1,1,1,1,"second, (",as ,you ,mistake ,and ,"blun¬
",deration. ,Answer ,not ,a ,Fool ,"ac¬
","der, ",being ,not ,used ,to ,read ,"the
",cording 
17,6,5821,"Law is a bottomless pit or, The history of John Bull. Published from a manuscript found in the cabinet of the famous Sir H. Polesworth, in the year 1712. 1794.txt",47647,1,1,1,1,in ,a ,cauſe? ,to {,wagger ,"at 
« ",the ,bar? ,What ,a ,fool ,am ,I ,to ,"drudge 
5 ",any ,more ,in ,this ,woollen 
19,6,30693,"Law is a bottomless pit or, The history of John Bull. Published from a manuscript found in the cabinet of the famous Sir H. Polesworth, in the year 1712. 1794.txt",47647,1,1,1,1,"BULL, 449 


2 


",oF ,lor; ,FREY ,"thou, ",Jule ,"Bull, ",ſhalt ,"he 
",my ,"fool . 


2: ",AN ,this. ,while. ,Fieg ,laebed ,i ,in ,"his 
{","leeve, "
10,0,31941,A_dialogue_between_Philiater_a.txt,37368,1,1,1,1,"same
",identical ,Number ,in ,your ,"Arithme¬
",tick. ,Thus ,much ,of ,Fool ,and ,"Knave,
",Push-,pin ,and ,"Bawbles, ","Whim¬
",wham ,and 
16,3,1978,b30773234_0002.txt,7164,1,1,1,1,you ,"think, ","that, ",if ,a ,"Man
",had ,a ,mind ,to ,fool ,away ,an ,Hour ,in ,"your
","Way, ",one ,cou',d 
8,0,26392,A_dialogue_between_Philiater_a.txt,37368,1,1,1,1,"bats, ",than ,the ,Affirmative. ,"The
",reason ,is ,"plain, ",because ,a ,Fool ,"can
",make ,more ,Objections ,in ,a ,"day,
",than ,a 
21,10,10527,ALETTE~1.TXT,10756,1,1,1,1,When ,he ,has ,been ,thus ,extravagantly ,"Arch 
",upon ,"them, ",and ,fool',d ,away ,bis ,"Time, ",he ,"ſhall 
",declare ,"frankly, ",that 
5,0,9734,A_dialogue_between_Philiater_a.txt,37368,1,1,1,1,and ,honestly ,expose ,them ,"to
",langh ,without ,"reason, ",like ,a ,"Fool;
",deserved ,"scorn, ",lest ,thou ,also ,"be
",there ,is ,a 
11,0,34224,A_dialogue_between_Philiater_a.txt,37368,1,1,1,1,is ,by ,"wise
",men (,by ,Solomon ,himself ,"often)
",accounted ,a ,"Fool, ",for ,it ,was ,one ,of ,"the
",Tenents ,of ,the 
13,1,12720,"An epistle to Dr. Richard Mead, concerning the epidemical diseases of Virginia, particularly, a pleurisy and peripneumony Wherein is shown the surprising efficacy of the se.txt",16685,1,1,1,1,and ,the ,Man ,WhO ,o ,conduẽts ,"woe, 
",cem',d ,a ,Fool ,lor ,mad ,Man. ,e ,we : ,"e 7 


","I 20% 
$2 ","I 
$04 0 ",f 
18,6,28072,"Law is a bottomless pit or, The history of John Bull. Published from a manuscript found in the cabinet of the famous Sir H. Polesworth, in the year 1712. 1794.txt",47647,1,1,1,1,Ken ,vith ,her; ,ſhe ,has ,a ,malignant ,"fe. 
",ver.“ ,Then ,"fool, ","puppy, ",and- ,"block- 
",head ,were ,the ,beſt ,words ,they 
12,0,36259,A_dialogue_between_Philiater_a.txt,37368,1,1,1,1,of ,"Ho¬
",Second ,Dialogue ,between ,a ,"conceit¬
",nour ,into ,a ,Fool',s-,"Cap, ",and ,that ,"the
",ed ,silly ,"Momus, ",and 
7,0,9850,A_dialogue_between_Philiater_a.txt,37368,1,1,1,1,well ,as ,to ,hate. ,But ,you ,can ,"ob¬
",Answer ,a ,"Fool, (",when ,he ,writes ,"e¬
",serve ,no ,other ,"times, ",but 
20,6,46224,"Law is a bottomless pit or, The history of John Bull. Published from a manuscript found in the cabinet of the famous Sir H. Polesworth, in the year 1712. 1794.txt",47647,1,1,1,1,Vic. ,Frog. ,Then! ,tell ,bis ,thou ,"rg 


",an ,old ,doating ,fool. ,With ,"that, ","Nic. 
",bounced ,up ,with ,a ,ſpring ,equal 
