kwic_id,doc_id,doc_token_id,doc_file_name,token_count,hit_size,S1,S2,S3,L10,L9,L8,L7,L6,L5,L4,L3,L2,L1,R0,R1,R2,R3,R4,R5,R6,R7,R8,R9
5,10,5983,ALETTE~1.TXT,10756,2,4,1,1,"in 
",your ,"Youth, ",you ,had ,never ,been ,expell',"d 
",the ,Royal ,Society ,for ,your ,Inſolence ,or ,"ill 
","Manners, ",which ,I 
4,6,35988,"Law is a bottomless pit or, The history of John Bull. Published from a manuscript found in the cabinet of the famous Sir H. Polesworth, in the year 1712. 1794.txt",47647,2,4,1,1,tajping 8: ,Jon ,"Bull. 


",D. ,"Fea 


","Cure, ",in ,Te ,"Se 


",the ,Royal ,Society ,i ,into ,"Craxc- 


%. ",B ,UL ,"L. 175 


",D. ,Diego. 1 
1,2,12549,An_examination_of_Dr__Woodward.txt,16605,2,4,1,1,Dr. ,Woodward',"s
","Hypothesis, ",Mr. ,"Harris, ",à ,Member ,ol ,"the
",Royal ,Society ,"likewise, ",has ,larely ,"printed
",Remarks ,on ,some ,late 
2,2,12772,An_examination_of_Dr__Woodward.txt,16605,2,4,1,1,tlie ,Original. ,Iknow ,the ,Respect ,"which
",I ,ow ,to ,tlie ,Royal ,Society ,too ,well ,to ,"im¬
",pose ,upon ,"them, ",and 
3,5,135,GALE_CB0127272860.txt,58435,2,1,1,1,"College, ",Fellow ,of ,the ,College ,of ,"Physicians, ",and ,of ,the ,Royal ,"Society
~",r ,J· ,ssl ,"I ,
",THE ,State ,of ,Phyfick: 
