kwic_id,doc_id,doc_token_id,doc_file_name,token_count,hit_size,S1,S2,S3,L10,L9,L8,L7,L6,L5,L4,L3,L2,L1,R0,R1,R2,R3,R4,R5,R6,R7,R8,R9
1,0,6273,A_dialogue_between_Philiater_a.txt,37368,1,4,1,1,"Treatise,
",that ,was ,cast ,about ,it ,by ,"Parilanus,
",called ,The ,Disease ,of ,"London, ",or ,"a
","Leighnerus, ",and ,"others, ",to ,"obscure
"
9,0,24010,A_dialogue_between_Philiater_a.txt,37368,1,4,1,1,so ,sorry ,a ,"Market, ",for ,"the
",should ,be ,more ,the ,Disease ,of ,"Lon¬
",Jesuits ,"Powder, ",this ,many ,a ,"Year
","don, "
46,7,26212,ProQuestDocuments-2025-06-19.txt,41511,1,4,1,1,"Infirmity, ",the ,Green-,sickness ,is ,the ,"Maids, ",and ,Covetousness ,the ,Disease ,of ,some ,"Teachers, ",who ,Preach ,up ,hospitality ,and ,other 
24,5,28947,GALE_CB0127272860.txt,58435,1,4,1,1,not ,a ,legitimate ,Sym',IP; ,tom ,of ,t-,hi~,s ,Disease. ,Of ,the ,Cafes ~,ecited ,by ,thaefe ,Gentlemen ,there ,"is
"
38,7,6942,ProQuestDocuments-2025-06-19.txt,41511,1,3,1,1,for ,the ,Comfort ,of ,those ,that ,are ,afflicte• ,with ,any ,"Disease, ",and ,desire ,"Help, ",if ,"they, ",or ,an• ,Friend ,of 
23,5,24609,GALE_CB0127272860.txt,58435,1,3,1,1,emedyesthe ,Symptoms ,and ,Accidenrts ,of ,t 4,th. ,Stadiuim ,of ,this ,"Disease, ",and ,o ,the ,Causes ,of ,"each, ",thus ,fnthd ,I 
51,5,13424,GALE_CB0127272860.txt,58435,1,3,1,1,tho~,se ,Laws ,are ,broke ,its ,"upon, -",undter ,each ,various ,DiseasE ,and ,Symptom ; ,such ,a ,"Physician, ",I ,"fay, ",has ,vafflyr 
16,5,8646,GALE_CB0127272860.txt,58435,1,3,1,1,put ,into ,Com- ,monion ,su~,ddenly ,or ,leisurel~,"y, ",the ,Disease ,is ,"acute, ",or ,"chronical, ","thort, ",ofthd ,or ,long. ,Since 
30,5,48009,GALE_CB0127272860.txt,58435,1,3,1,1,Ine ,Bult ,the ,"Body, ",at ,this ,"nd~7~, ","of: ~,","the' "" '""",r ,"Disease, ",is ,in ,bad ,P',light ,to ,ftandepaup.~ ,any ,great 
28,5,40445,GALE_CB0127272860.txt,58435,1,3,1,1,"decreased, ",or ,the ,Niumb~,"ers, ",of ,th ,Dead ,of ,this ,"Disease, ",is ,the . ,Bil ,of ,"Mortality, ",to ,havte ,leff~,"ene,"
21,5,23961,GALE_CB0127272860.txt,58435,1,3,1,1,"Thorax, ",and ,the ,"Head, ",g. ,At ,this ,End ,of ,the ,"Disease, ",the ,"Frame, ",being ,th~,us ,"overcharged, ",and ,the ,Organs 
7,0,19674,A_dialogue_between_Philiater_a.txt,37368,1,3,1,1,unconscionably ,"the
",ceived ,a ,palpible ,"prejudice, ",or ,"possibly
",Patient',s ,"Disease, ",the ,Remedy ,"and
",his ,untimely ,dispatch ,into ,the ,"other
"
27,5,34157,GALE_CB0127272860.txt,58435,1,3,1,1,the ,Purge ,wvas ,r',"epeated, ",to ,the ,End ,of ,the ,Disease. ,The ,Thing ,I ,would. ,gladly ,know ,"is, ",whether ,this 
5,0,10552,A_dialogue_between_Philiater_a.txt,37368,1,2,1,1,a ,"fisth, ",its ,ihe ,"new
",Physicians ,called ,the ,New ,"Disease?
",Disease; ,a ,denomination ,so ,"idle,
",Is ,a ,Disease ,not ,to 
48,0,17715,A_dialogue_between_Philiater_a.txt,37368,1,2,1,1,way ,of ,prevention ,"against
",Aud ,what ,was ,the ,Patient',s ,"disease?
",A ,Syncopal ,"Fit, ",or ,in ,plain ,"English,
",the ,"future, "
15,5,189,GALE_CB0127272860.txt,58435,1,2,2,2,Come ,Considerations ,upon ,the ,new ,Pradice ,of ,Purgeing ,in ,that ,Disease. ,To ,the ,whole ,is ,"premiled, ",An ,IDEA ,of ,the 
49,5,85,GALE_CB0127272860.txt,58435,1,2,2,2,some ,considerations ,upon ,the ,new ,practice ,of ,purgeing ,in ,that ,disease. ,To ,the ,whole ,is ,"premited, ",an ,idea ,of ,the 
43,7,15341,ProQuestDocuments-2025-06-19.txt,41511,1,1,1,1,always ,a ,Burning ,Fever ; ,those ,that ,are ,taken ,with ,thi• ,Disease ,are ,so ,"Mad, ",that ,they ,furiously ,fall ,upon ,an• 
10,0,24162,A_dialogue_between_Philiater_a.txt,37368,1,1,1,1,Cure ,this ,"reigning
","un, ",he ,could ,not ,observe ,"any
",London-,Disease. ,But ,"first, ","who
",greater ,vent ,of ,late ,than ,"ordinary.
"
36,7,6042,ProQuestDocuments-2025-06-19.txt,41511,1,1,1,1,nothing ,else ,but ,the ,practick •,ethod ,of ,Curing ,each ,particular ,"Disease.

",Chirurgery ,teaches ,how ,to ,contribute ,to ,the ,Cure 〈◊〉 ,many 
18,5,15961,GALE_CB0127272860.txt,58435,1,1,1,1,which ,O~,"lconomy, ",and ,Regu- ,"lation, ",the ,Event ,of ,the ,Disease ,die- ,pends. ,i ,amn ,the ,more ,particular ,in ,"this, "
4,0,10551,A_dialogue_between_Philiater_a.txt,37368,1,1,1,1,Ague; ,a ,"fisth, ",its ,ihe ,"new
",Physicians ,called ,the ,New ,"Disease?
",Disease; ,a ,denomination ,so ,"idle,
",Is ,a ,Disease ,not 
44,7,16404,ProQuestDocuments-2025-06-19.txt,41511,1,1,1,1,if ,tho•• ,that ,are ,Afflicted ,with ,this ,or ,any ,other ,"Disease, ",d•,sire ,a ,Physitian ,that ,will ,truly ,and ,justly 
34,7,5713,ProQuestDocuments-2025-06-19.txt,41511,1,1,1,1,and ,no ,otherwise. 〈◊〉 ,Crisis ,is ,the ,sudden ,Motion ,of ,the ,"Disease, ",eithe• ,towards ,Health ,or ,Death. ,By ,Astrology ,"also, 〈◊〉 ",the 
19,5,19302,GALE_CB0127272860.txt,58435,1,1,1,1,realyr ,J~,"xgeS, ",and· ,very ,con- .,verlant ,with ,th$,t ,Disease.· ,Exa- ,mining ,the ,C~,"fe, ",and ,Viewing ,the ,"Pimples, "
40,7,11020,ProQuestDocuments-2025-06-19.txt,41511,1,1,1,1,and •,incerely ,what ,will ,probably ,be ,the ,Event ,of ,their ,Disease. ,For ,casting ,of ,"Urin, ",and ,giving ,my ,Judgment ,"thereon, "
11,0,24583,A_dialogue_between_Philiater_a.txt,37368,1,1,1,1,"judge, &","c.
",write ,palpable ,"Inconsistencies, ","and
",Preface ,to ,the ,London ,"Disease.
",gross ,Contradictions. ,"Momus, ","you
",c',"en
","Phil.
2019 ",ProQuest ,"LLC


150
"
31,5,48573,GALE_CB0127272860.txt,58435,1,1,1,1,"those, ","who, ",in ,the ,Cours~,e ,o-,f ,th~,e ,"Disease, ",have ,taken ,trany ,Medicines ,before. ,They ,inay~ ,inay ,have '
14,4,414,bim_eighteenth-century_an-account-of-the-sickne_technicum-dr_1719.txt,2246,1,1,1,1,"Icannot
",say ,lndeed ,but ,after ,the ,first ,Attack ,of ,his ,"Disease, ","he
",would ,"ſhew, ",at ,Intervals ,in ,"Conversation, ",a ,"Serenity
"
29,5,47484,GALE_CB0127272860.txt,58435,1,1,1,1,to ,be ,so~,mewhat ,allyed ,to ,the ,Choleral' ,In ·,which: ,Disease: ,HIppocikatej ,gatret ,Hellebore? ,arid .,liomited ,f ,ih',e ,Pa- 
32,5,49091,GALE_CB0127272860.txt,58435,1,1,1,1,to ,what ,it ,formnerly ,"injoyed, ",as ,to ,demon- ,ftrate ,the ,"Disease, ",however ,"violent, ",and ,"dangerous, ",so ,"mnanaged, ",had ,proved ,of 
26,5,30957,GALE_CB0127272860.txt,58435,1,1,1,1,be ,"used, ","till, ",as ' ,cony. ,p. ,HippocradteS ^ ,a~,"dvifesr, ",the ,Disease 142.,In-- ~,aS ,in ,Declenfliokll ,jj ,"Tdeed, ",upon ,pra. ,the 
41,7,14239,ProQuestDocuments-2025-06-19.txt,41511,1,1,1,1,by ,the ,prevalency ,of •,he ,Melancholy ,Humour: ,We ,divide ,this ,Disease ,into ,Melancholy ,"Cephalick, ",and ,"Hypocondriack.

",A ,Cephalick ,is ,when 
22,5,24092,GALE_CB0127272860.txt,58435,1,1,1,1,the ,Small-,Pox ,are ,more ,"numerous, """"*'"""""""" ","hick, ",and ,"confluent, ",the ,Disease ,Ioe ,ma8,n ,of ,longer ,"buration, ",and ,attended ,"s"""
42,7,14493,ProQuestDocuments-2025-06-19.txt,41511,1,1,1,1,our ,Opinion ,"is, ",that ,rather ,t•• ,Morbid ,Sourse ,than ,the ,Disease ,it ,self ,lies ,there: ,Th• ,Famous ,Willis ,thinks ,that 
25,5,29535,GALE_CB0127272860.txt,58435,1,1,1,1,vitious ,"Matter, ",that ,is ,the ,very ,C',aufe ,of ,the ,"Disease, ",may ,be ,thrown ,ouzt ,of ,the ,Body. ,"But, ",w~
39,7,8234,ProQuestDocuments-2025-06-19.txt,41511,1,1,1,1,Spirit• ,to ,the ,Heart ,is ,stop',d. ,There ,is ,no ,Disease ,more ,like ,Death ,than ,these ,Swooning-,Fits. ,Fermentation ,once 
3,0,10482,A_dialogue_between_Philiater_a.txt,37368,1,1,1,1,"ease, ",a ,name ,of ,"ignorance, ",their ,"A¬
",is ,the ,Nem ,Disease: ,must ,the ,"Men
",sylum ,ignorantiae. ,One ,time ,"they
",of 
6,0,10559,A_dialogue_between_Philiater_a.txt,37368,1,1,1,1,the ,New ,"Disease?
",Disease; ,a ,denomination ,so ,"idle,
",Is ,a ,Disease ,not ,to ,be ,called ,"New,
",that ,every ,Novice ,in 
8,0,23961,A_dialogue_between_Philiater_a.txt,37368,1,1,1,1,can ,tell ,"you, ",from ,"an
",Tract ,of ,the ,"Scurvy, ",the ,Disease ,"of
",Eminent ,"Druggist, ",who ,is ,"best
","London, ",as ,you 
13,0,27847,A_dialogue_between_Philiater_a.txt,37368,1,1,1,1,a ,"Million,
",planted ,into ,them. ,"p. 128.
",whose ,robust ,natures ,neither ,"Disease
",Phil. ,If ,it ,be ,so ,"determined, ","to
",nor ,Remedy 
33,7,4881,ProQuestDocuments-2025-06-19.txt,41511,1,1,1,1,great ,Errors •,n ,many ,Physicians; ,but ,for ,finding ,out ,any ,"Disease, • ",say ,with ,"Mepardus, ",Potius ,lotium ,inspiciendum ,quam •,"astra, ",That 
2,0,6501,A_dialogue_between_Philiater_a.txt,37368,1,1,1,1,"untoward
",and ,giving ,an ,account ,of ,the ,"Pra¬
",and ,stubborn ,Disease ,shall ,be ,"more
",ctice ,of ,"Physick, ",I ,did ,"declare, "
50,7,11933,ProQuestDocuments-2025-06-19.txt,41511,1,1,1,1,because ,the ,givers ,know ,not ,in ,what ,quantit• ,"time, ",and ,"disease, ",they ,ought ,to ,be ,Administred ,This ,is ,also ,the 
12,0,27158,A_dialogue_between_Philiater_a.txt,37368,1,1,1,1,"street, ",I ,"think, ",in ,S ,"Swi¬
",whose ,robust ,natures ,neither ,"Disease
",thins ,Lane (,who ,had ,the ,"honour
",nor ,Remedy ,could 
45,7,18437,ProQuestDocuments-2025-06-19.txt,41511,1,1,1,1,they ,boldly ,"Administer, ",and ,with ,them ,undertake ,to ,cure ,any ,Disease ,tho' ,ignorant ,of ,the ,Nature ,of ,the ,"Physick, ",and 
47,7,39685,ProQuestDocuments-2025-06-19.txt,41511,1,1,1,1,Age ,a ,meer ,lump ,of ,Infirmi•,"ies, ",and ,an ,incurable ,Disease: ,Thus ,there ,is ,something ,in ,every ,life ,that ,proves 
17,5,15681,GALE_CB0127272860.txt,58435,1,1,1,1,that ,at- ,tend ,the ,Apparatus ,or ,first ,Stadium ,of ,this ,Disease. ',"Twill, ",I ,"suppose, ",hardly ,be ,needfull ,to ,note ,that 
20,5,19607,GALE_CB0127272860.txt,58435,1,1,1,1,very ,epidemical ,and ,fatal. ,Nay ,the ,ordinary· ,Period ,of ,the ,Disease ,was ,hereby ,"changed, ",and ,the ,Time ,of ,it ,thortned. 
37,7,6543,ProQuestDocuments-2025-06-19.txt,41511,1,1,1,1,the ,Pre•,alency ,which ,endeavouring ,Nature ,obtain',d ,over •,he ,Disease ,which ,effected ,the ,"Cure, ",and ,in ,this ,cas• 〈◊〉 ,that 
35,7,5736,ProQuestDocuments-2025-06-19.txt,41511,1,1,1,1,"Urin, ",the ,honest ,Physician ,may ,clearl• ,discern ,which ,way ,the ,Disease ,will ,tend. ,And ,th•• ,much ,of ,the ,Excellent ,use 
