kwic_id,doc_id,doc_token_id,doc_file_name,token_count,hit_size,S1,S2,S3,L10,L9,L8,L7,L6,L5,L4,L3,L2,L1,R0,R1,R2,R3,R4,R5,R6,R7,R8,R9
12,7,8402,ProQuestDocuments-2025-06-19.txt,41511,1,2,1,1,"Scurvy, ",such ,as ,would ,know ,more ,may ,consult ,my ,little ,Pamphlet ,I ,formerly ,set ,"out, ",for ,the ,Cure ,of ,the 
7,0,25681,A_dialogue_between_Philiater_a.txt,37368,1,2,1,1,weary ,of ,these ,vour ,"Reflections;
","ed, ",soon ,after ,your ,crude ,"Pamphlet
",I ,have ,skipped ,over ,abundance ,"of
",was ,first ,spawned 
4,0,1166,A_dialogue_between_Philiater_a.txt,37368,1,1,1,1,moved ,you ,to ,write ,"this
","Sustenance, ",that ,you ,make ,"this
","Pamphlet, ",and ,therem ,so ,"grie¬
",lamentable ,havock ,of ,mens ,"Good
"
10,4,386,bim_eighteenth-century_an-account-of-the-sickne_technicum-dr_1719.txt,2246,1,1,1,1,Fosilistical ,"Pra-
","ctitioner.
",But ,this ,Stratagem ,failing ,"also, ",and ,tbe ,Pamphlet ,"be-
",ing ,return',d ,on ,our ,hands ,by ,the 
6,0,21470,A_dialogue_between_Philiater_a.txt,37368,1,1,1,1,into ,a ,"distinct
",learn',d ,it ,in ,your ,Travels. ,"We
",Pamphlet. ,But ,considering ,"how
",fear ,no ,just ,and ,honest ,"Observator.
"
1,0,71,A_dialogue_between_Philiater_a.txt,37368,1,1,1,1,"March 22.
1681.
—


6
","DIALOGUE
","BETWEEN
",Philiater ,and ,"Momus,
",Concerning ,a ,late ,"Scandalous
","PAMPHLET
","CALLED
",The ,Conclave ,of ,"Physicians.
",A ,Whip ,for ,the 
2,0,125,A_dialogue_between_Philiater_a.txt,37368,1,1,1,1,"A
","DIALOGUE
","BETWEEN
",Philiater ,and ,"Momus
",Concerning ,a ,late ,"scandalous
",Pamphlet ,called ,The ,"Con¬
",clave ,of ,"Physicians.
","ISmanyaday
","Philiater.
",I 
3,0,658,A_dialogue_between_Philiater_a.txt,37368,1,1,1,1,who ,have ,done ,their ,"best
",the ,Author ,of ,a ,late ,"Pamphlet, ","cal¬
",to ,inflame ,"mankind, ",to ,"misrepre¬
",led ,The ,Contlabe 
8,0,25994,A_dialogue_between_Philiater_a.txt,37368,1,1,1,1,I ,could ,wisb ,these ,"Fathers
",Chief ,Subject ,of ,many ,a ,"Pamphlet
",had ,kept ,their ,Indian ,Bark ,to ,"them¬
",besides ,this 
13,10,10374,ALETTE~1.TXT,10756,1,1,1,1,on ,your ,"Writings, ",I ,have ,already ,"pre- 


",par ,d ,a ,Pamphlet ,that {,hall ,totally: ,"Demoliſh 
",the 13 ,Headed ,Cerberus. ,I ,faſted 
11,7,7222,ProQuestDocuments-2025-06-19.txt,41511,1,1,1,1,manner ,of ,Diseases ,and ,"Infirmities, ",would ,make ,too ,big ,a ,Pamphlet ,to ,present ,you ,withall; ,but ,considering ,that ,the ,Generality 
9,0,35092,A_dialogue_between_Philiater_a.txt,37368,1,1,1,1,being ,quickly ,"cloyed
",with ,one ,leaf ,or ,two ,of ,"the
","Pamphlet, ",where ,I ,was ,drawn ,"in
",by ,the ,usual ,"decoy, "
5,0,5033,A_dialogue_between_Philiater_a.txt,37368,1,1,1,1,"mad, ",and ,Giddy ,hair-,"brain, ","and
",look ,d ,upon ,the ,Pamphlet ,with ,"the
",greatest ,contempt ,imaginable; ,"no
","one, ",that ,ever 
