kwic_id,doc_id,doc_token_id,doc_file_name,token_count,hit_size,S1,S2,S3,L10,L9,L8,L7,L6,L5,L4,L3,L2,L1,R0,R1,R2,R3,R4,R5,R6,R7,R8,R9
13,5,20568,GALE_CB0127272860.txt,58435,1,2,1,1,extraordinary. ,Then ,it ,flands ,upon ,a' ,firm ,Foundation ,of ,"Nature, ","Observation, ",and ,Sac? ,"For, ",wipithout ,"that, ",his ,Authority ,is ,No- 
11,5,14907,GALE_CB0127272860.txt,58435,1,2,1,1,in ,the ,Work ,before ~,"me, ",keep ,clos~,"e ('2,",Id ,to ,"Observation, ",and ,to ,the ,"Symp- >7,*/*",or ,toms: ,and ,not ,prefulme 
1,0,8311,A_dialogue_between_Philiater_a.txt,37368,1,2,1,1,"had
","D4
","even
",tO 2019 ,ProQuest ,"LLC
","h


52
531
",had ,escaped ,the ,Observation ,of ,"the
",who ,introduced ,"you, ",that ,he ,"thonght
",you 
17,7,27021,ProQuestDocuments-2025-06-19.txt,41511,1,2,1,1,this ,is ,the ,Law ,and ,the ,Prophets ; ,by ,the ,due ,observation ,of ,these ,"words, ",we ,may ,obtain ,the ,Peace ,of 
7,0,28933,A_dialogue_between_Philiater_a.txt,37368,1,1,1,1,"M 3
","Mom.


",y ,"Englis


176
",Mom. ,Had ,the ,said ,Willis ,"from
",Observation ,abstracted ,his ,"Novels, ","a
",happier ,Success ,would ,have ,"attend¬
"
3,0,14830,A_dialogue_between_Philiater_a.txt,37368,1,1,1,1,"p. 23.
",and ,a ,Death',s ,Head ,in ,your ,"left
",Phil. ,Observation ,also ,speaks ,"this
",hand. ,The ,Work ,is ,full ,of 
6,0,27930,A_dialogue_between_Philiater_a.txt,37368,1,1,1,1,as ,common ,in ,"your
",Mom. ,Why ,then ,I ,will ,"begin
","Observation, ",as ,a ,Flock ,of ,"Pidge¬
","with
","ons
2019 ",ProQuest ,"LLC
"
9,2,15372,An_examination_of_Dr__Woodward.txt,16605,1,1,1,1,"fashion.
",Wherefore ,when ,Scilla ,positively ,"di¬
",stinguishies ,from ,his ,own ,"Observation, ","be¬
",tween ,the ,Ranges ,of ,the ,Strata ,of ,"the
"
16,7,1212,ProQuestDocuments-2025-06-19.txt,41511,1,1,1,1,b•,ing ,enrich',d ,with ,Phys••,"al, ","Pious, ",Moral & ,Historical ,"Observation•, ",delightful •,o ,"read, & ",necessary •,o ,"know.

",By ,D. ,"IRISH, "
5,0,22294,A_dialogue_between_Philiater_a.txt,37368,1,1,1,1,and ,give ,deep ,Reasons ,wby ,"a
",the ,best ,of ,vour ,"Observation.
",Dog ,apprehends ,the ,Scent ,of ,the ,"Ex¬
",Mom. ,Why 
12,5,17130,GALE_CB0127272860.txt,58435,1,1,1,1,Havock ,"made, ",than ,by ,"Diftempers.
'",Tis ,but ,a ,too ,common ,"Observation, ",even ,among ,the ,"People, ",and ,intel- ,ligent ,Lookers ,"on, "
10,2,16585,An_examination_of_Dr__Woodward.txt,16605,1,1,1,1,that ,other ,"Men, ",by ,the ,same ,Assistances ,"of
",Nature ,and ,"Observation, ",have ,made ,"tlie
",same ,Conclusions ,with ,himself. ,I ,"am
"
8,0,31519,A_dialogue_between_Philiater_a.txt,37368,1,1,1,1,assert ,publickly ,in ,"my
","hearing, ",that ,according ,to ,the ,"best
",Observation ,he ,could ,make ,of ,"Phy¬
",sicians ,"gettings, ",he ,thought 
15,5,47664,GALE_CB0127272860.txt,58435,1,1,1,1,an-,ad ,his ,f ,generaly ,Founding ,wa ,eavn ,ces ,on ,"Observation, ",his ,simple ,and ,close ,"Reasoning, ",and ,his ,singular ,H~
14,5,20675,GALE_CB0127272860.txt,58435,1,1,1,1,of ,Wabter ; ',tis ,plain ,he ,had ,not ,"diffeded, ",and ,made ,Observation ,on ,the ,InfidZe ,of ,the ,"Body, ",with ,the ,fame 
2,0,14760,A_dialogue_between_Philiater_a.txt,37368,1,1,1,1,from ,"you.
",sophy. ,You ,had ,a ,good ,opibion ,"of
",Mom. ,"Observation, ","speaks, ","ihis
","it, ",no ,"doubt, ",for ,you ,put ,"your
"
4,0,14853,A_dialogue_between_Philiater_a.txt,37368,1,1,1,1,empty ,vessel ,"sounds
",thing ,but ,the ,introductory ,parts ,"of
",loudeſt. ,Observation ,ſays ,"likewise:
",Physick (,with ,which ,your ,head ,"was
",A 
