kwic_id,doc_id,doc_token_id,doc_file_name,token_count,hit_size,S1,S2,S3,L10,L9,L8,L7,L6,L5,L4,L3,L2,L1,R0,R1,R2,R3,R4,R5,R6,R7,R8,R9
29,10,8704,ALETTE~1.TXT,10756,1,3,1,1,"Cafes, ",the ,Contents 7 ,this ,Organ ,"muſt 
",ſe ,caſt ,up ,by ,"Vomit, ",or ,bridled ,and ,"repreſd 
",h ,Onitioas ,"Medicines, ",If ,a 
22,10,3430,ALETTE~1.TXT,10756,1,3,1,1,that ,a ,Weeks ,"Pre- 
",paration ,of ,Clinic ,"Medicine, ",with ,a ,"Vomit 
",or ,"two, ",was ,neceſſary ,to ,diſentangle ,"them, 
",and ,to 
27,10,8138,ALETTE~1.TXT,10756,1,3,1,1,know ,they ,recover',"d, ",or ,Ws: .,cur',"d' 


",by ,a ,"Vomit, ",or ,ſorgeth ,hiog ,"elſe, ",And ,"were 
",People *,worth) 0 ,de 
17,5,45971,GALE_CB0127272860.txt,58435,1,2,1,1,"which, '",twas ,"manifest, ",had ,been ,pre- ,vented ,by ,a ,proper ,"Vomit, ",given ,in ,due ,"Dose, ",and ,rightly ,managed. ,Nor ,is 
10,5,19329,GALE_CB0127272860.txt,58435,1,2,1,1,which ,the ,"Fever, ",and ,concurring ,"Symptomns, -",likewise ,at- ,tefied. ,A ,"Vomit, ",given ,that- ,Even- ,"ing, ",work',d ,very ,plentifully : ,"and, "
12,5,20843,GALE_CB0127272860.txt,58435,1,2,1,1,and ),iforder ,of ,the ,whole ,OEconomy : ,the ,"Nausea, ","Reaching, ",and ,Vomit- ,"ing, ",for ,an ,Uneasines~,s ,and ,Sickly ,Aching ,all 
14,5,37923,GALE_CB0127272860.txt,58435,1,2,1,1,htha ,there ,G<:,ntlemen ,had ,finder ,their ,"Care, ",hie ,prefers ,Vomit-. ,"ing, ",reconiteriding' ,"Hellebork *, ",thel ,vthite ,"Kliind,..",as ,Galen ,a~
20,10,583,ALETTE~1.TXT,10756,1,1,1,1,the ,"Cabinet, 
",as ,of ,preſcribing ,either ,a ,Chſter ,or ,"a 
",Vomit» ,A ,great ,Genius ,is ,no ,more ,"to 
",be ,ſmother'
9,5,19189,GALE_CB0127272860.txt,58435,1,1,1,1,"Stand, ",and ,"vanish , ",their ,Supply ,"being, ",cut ,off ·,by ,the ,Vomit: ,and ',the ,former ,State ,of ,Health ,returns. ,TShis ,is 
7,5,18643,GALE_CB0127272860.txt,58435,1,1,1,1,and ,"Reaching, ",are ,apparent ,Indications ,of ,the ,Need ,of ,a ,Vomit. ,"And, ",where ,the ,Stomach ,is ,rightly ,pre- ,pared : ,the 
15,5,45089,GALE_CB0127272860.txt,58435,1,1,1,1,ifts ,chiefly ,in ,"laying, ",as ,far ,as ,"possible, ",before ,the ,Vomit ,be ,"given, ",such ,Wind ,as ,may ,happen ,to ,be 
19,5,46799,GALE_CB0127272860.txt,58435,1,1,1,1,"Fright, ","scruple, ",and ,are ,under ,Apprehensions ,of ,a ,more ,powerfull ,Vomit. ,Being ,consulted ,for ,M~,r. ,Johnt ,"Bryan, ",then ,about 
25,10,4966,ALETTE~1.TXT,10756,1,1,1,1,a ,Phtiſis ,and. ,"Emas 
",ciated ,beyond ,the ,Recovery ,of ,a ,"Vomit, .. 
",But ,if ,an ,Authors ,Cogitatioh. ,"and 
",his ,Fingers ,go 
30,10,8926,ALETTE~1.TXT,10756,1,1,1,1,mon ,"Phraſe, ",againſt ,loſing ,Leather ,when ,"we 
","Ride, ",yet ,a ,Vomit ,carry ',d ,in ,One',s ,"Pocket 
",would ,be ,a 
5,5,5717,GALE_CB0127272860.txt,58435,1,1,1,1,ore ,sick ,the ,Patient ,"is, ",and ,the ,more ,powerfully ,the ,Vomit ,casts ,up ,the ,Biliofe ,"Matter., ",the ,bet·- ,"ter
",ter 
21,10,2214,ALETTE~1.TXT,10756,1,1,1,1,r ,"Pad . 


[ 13.7 

",and ,terrible ,to ,the ,Patient ; ,but ,"now 
",a ,"Vomit, ",elegantly ,ſuperintended ,by ,"your 
",Vigilance ,and ,"Condutt, ",appears ,with 
13,5,34287,GALE_CB0127272860.txt,58435,1,1,1,1,and ,dangerous ,Exule·,ration. ,"Finaly,: ",iany. ,S ,whether ,one ,proper ,"Vomit *, ","given, 0.",mfaiitead ,of ,the ,"Purge, ",the ,a 2,th ,"Day, "
6,5,8534,GALE_CB0127272860.txt,58435,1,1,1,1,or ,free : ,as -,thle ,vitious ,Principles ,happen ,to ,rife ,by ,"Vomit, ",goe ,down ,by ,"Stool, ",or ,turn ,into ,the ,lilood : 
2,3,6585,b30773234_0002.txt,7164,1,1,1,1,if ,the ,Doctor ,will ,"be
",so ,kind ,to ,attend ,a ,Vomit ,"himself, ",is ,it ,"like¬
",c ,ly ,to ,have ,the 
1,3,5103,b30773234_0002.txt,7164,1,1,1,1,entered ,that ,"Postern,
",and ,been ,pump',d ,upwards ,by ,excessive ,"Vomit¬
",ing; ,but ,why ,such ,violent ,Vomiting ,"necessa¬
","ry, ",to 
8,5,19140,GALE_CB0127272860.txt,58435,1,1,1,1,to ',be ,"little, ",andt ,not ,over ,tumultuous ,and ,"boliterous, ",a ,"Vomit, ",interpos',d ,in ,"time, ",and ,dextroufly ,"perfued, ",sometimes ,"discharges, "
24,10,4200,ALETTE~1.TXT,10756,1,1,1,1,for ,him ,in ,"his 
",laſt ,"Hours, ",and ,"when, ",neither ,a ,Vomit ,"nor 
",your ,wholeſome ,Admonition ,ean ,be ,"lon- 
",ger ,"ſerviceable, "
3,3,7138,b30773234_0002.txt,7164,1,1,1,1,"Presence, ",and ,"Finger, ",great ,"helps
",in ,the ,working ,of ,a ,"Vomit,
","p. 26.
",Scaramouch ,"sick,
","Ibid.
—— ",Takes ,bis ,"Leave,
","Ibid.
",Harlequin 
4,5,5692,GALE_CB0127272860.txt,58435,1,1,1,1,these ~,"Disorders, ",so ,the ,Removeal ,of ,thle ,"Salts, ",particularly ,by ,"Vomit, ",puts ,an ,End ,to ,the ,Disorders. ,In ,which ,Operation '
16,5,45808,GALE_CB0127272860.txt,58435,1,1,1,1,whvIere ,there ,had' ,been ,"given, ",a ,while ,be- ,"fore, ",a ,"Vomit, ",that ,was ,"impotent, ",and ,not ,closely~ ,perf~,ued; ,whereby 
11,5,19391,GALE_CB0127272860.txt,58435,1,1,1,1,te ,Small-,Pox ,disappearing; ,thus ,on ,the ,Operation ,of' ,a ,"Vomit, ",the ,EImotions ,in ,the ,Stomach· ,"have, ",after ,a ,few 
18,5,46231,GALE_CB0127272860.txt,58435,1,1,1,1,Diarrh~,ea',"s, ",and 3,Dyfeteryes: ,and ,not ,simply ,as ,a ,"Vomit, ",till ,of ,late ,Years. ,When ,freth ,powder',"d, ",it 
28,10,8336,ALETTE~1.TXT,10756,1,1,1,1,"Pox, 1227 ",can ,aſſure ,"ydu, 
",that ,often- ,"times, ",by ,exhibiting ,a ,"Vomit 
",to ,a ,new-,born ,"Infant, ",I ,have ,cut ,off 
26,10,7783,ALETTE~1.TXT,10756,1,1,1,1,were ,better ,man ,d; ,"for, ","tho 
",vou ,allow ,that ,the ,Vomit ,took 4 ,"Turn 
",omnwards ,"and, ",by 72 5 ,"him, ",made ,"Way 
| ",ecovery ; 
23,10,3894,ALETTE~1.TXT,10756,1,1,1,1,had: ,hot ,"been 
",attackd ,by : ,theſe ,Paroxyſms : ,"And, ",if ,"a 
",Vomit ,would ,as ,eaſily ,diſgorge ,a ,Fee ,"as. 
",it ,will 
